search URL:,https://patents.google.com/?assignee=goertek&type=PATENT&page=19
id,title,assignee,inventor/author,priority date,filing/creation date,publication date,grant date,result link,representative figure link
US-8942976-B2,Method and device for noise reduction control using microphone array ,Goertek Inc.,"Bo Li, Shasha Lou, Song Li",2009-12-28,2010-12-15,2015-01-27,2015-01-27,https://patents.google.com/patent/US8942976B2/en,https://patentimages.storage.googleapis.com/63/97/aa/adf1461d43187d/US08942976-20150127-D00000.png
CN-103445409-A,Intelligent bracelet ,青岛歌尔声学科技有限公司,"高强, 戚建成, 郭衡江, 牛锡亮",2013-09-05,2013-09-05,2013-12-18,,https://patents.google.com/patent/CN103445409A/en,
US-2012319174-A1,Cmos compatible mems microphone and method for manufacturing the same ,Goertek Inc.,Zhe Wang,2010-07-28,2010-07-28,2012-12-20,,https://patents.google.com/patent/US20120319174A1/en,https://patentimages.storage.googleapis.com/fb/da/db/43f3add66a1e67/US20120319174A1-20121220-D00000.png
CN-203606632-U,Intelligent watch ,潍坊歌尔电子有限公司,"吴凡, 韩盈盈, 戚建成",2013-06-25,2013-06-25,2014-05-21,2014-05-21,https://patents.google.com/patent/CN203606632U/en,
US-2014008740-A1,Mems microphone and method for packaging the same ,"Zhe Wang, Qinglin Song, Shengli Pang, Fanghui Gu","Zhe Wang, Qinglin Song, Shengli Pang, Fanghui Gu",2010-12-30,2010-12-30,2014-01-09,,https://patents.google.com/patent/US20140008740A1/en,https://patentimages.storage.googleapis.com/c9/6d/fb/0fc9205ca7610d/US20140008740A1-20140109-D00000.png
US-2014239352-A1,Cmos compatible silicon differential condenser microphone and method for manufacturing the same ,Goertek Inc.,Zhe Wang,2011-03-11,2011-03-11,2014-08-28,,https://patents.google.com/patent/US20140239352A1/en,https://patentimages.storage.googleapis.com/c7/59/6f/dfc7c8dbf0487c/US20140239352A1-20140828-D00000.png
US-2014299948-A1,"Silicon based mems microphone, a system and a package with the same ",Goertek Inc.,"Zhe Wang, Mengjin Cai",2011-12-29,2011-12-29,2014-10-09,,https://patents.google.com/patent/US20140299948A1/en,https://patentimages.storage.googleapis.com/0b/fe/14/b8ea0c2d7c0443/US20140299948A1-20141009-D00000.png
CN-102801861-A,Voice enhancing method and device applied to cell phone ,歌尔声学股份有限公司,"刘崧, 李波, 楼厦厦",2012-08-07,2012-08-07,2012-11-28,,https://patents.google.com/patent/CN102801861A/en,
CN-102073140-A,Three-dimensional glasses and control method thereof ,歌尔声学股份有限公司,"于大超, 叶鑫, 郄勇",2009-11-25,2010-01-28,2011-05-25,,https://patents.google.com/patent/CN102073140A/en,
CN-101607365-A,Automatic assembling device for elements and assembling method thereof ,歌尔声学股份有限公司,闫向东,2009-07-03,2009-07-03,2009-12-23,,https://patents.google.com/patent/CN101607365A/en,
CN-203422610-U,Electronic watch with wireless charging function ,潍坊歌尔电子有限公司,"李长顺, 吴凡, 韩盈盈",2013-06-25,2013-06-25,2014-02-05,2014-02-05,https://patents.google.com/patent/CN203422610U/en,
CN-103686515-A,Earphone system and control method with automatic sensing detection and control functions ,青岛歌尔声学科技有限公司,林孟钊,2013-12-06,2013-12-06,2014-03-26,,https://patents.google.com/patent/CN103686515A/en,
CN-102543986-A,Light-emitting diode device ,歌尔声学股份有限公司,安国顺,2012-01-04,2012-01-04,2012-07-04,,https://patents.google.com/patent/CN102543986A/en,
CN-102520788-A,Voice identification control method ,歌尔声学股份有限公司,"刘新爱, 姜斌斌, 孟策, 曾小波, 王恬, 王重乐, 高强",2011-11-16,2011-11-16,2012-06-27,,https://patents.google.com/patent/CN102520788A/en,
CN-201976252-U,Microphone tightness testing tool and testing system ,歌尔声学股份有限公司,"刘德华, 吴海雯",2010-12-20,2010-12-20,2011-09-14,2011-09-14,https://patents.google.com/patent/CN201976252U/en,
CN-101765044-A,Minitype moving-coil electroacoustic transducer ,歌尔声学股份有限公司,"刘春发, 徐同雁",2009-12-12,2009-12-12,2010-06-30,,https://patents.google.com/patent/CN101765044A/en,
CN-201858541-U,LED (light-emitting module) backlight module and display equipment with same ,歌尔声学股份有限公司,汤云明,2010-07-22,2010-07-22,2011-06-08,2011-06-08,https://patents.google.com/patent/CN201858541U/en,
CN-104127302-A,Walk safety navigation method for the visually impaired ,青岛歌尔声学科技有限公司,杨兵,2014-07-31,2014-07-31,2014-11-05,,https://patents.google.com/patent/CN104127302A/en,
CN-104050742-A,Intelligent door and control method and system thereof ,青岛歌尔声学科技有限公司,申培保,2014-06-27,2014-06-27,2014-09-17,,https://patents.google.com/patent/CN104050742A/en,
CN-103475971-A,Headset ,青岛歌尔声学科技有限公司,"李坡, 钱琦",2013-09-18,2013-09-18,2013-12-25,,https://patents.google.com/patent/CN103475971A/en,
CN-203643721-U,Direct type LED backlight module capable of eliminating Mura and liquid crystal product ,青岛歌尔声学科技有限公司,"张继兵, 倪玲玲, 刘风磊",2013-12-31,2013-12-31,2014-06-11,2014-06-11,https://patents.google.com/patent/CN203643721U/en,
CN-103118320-A,Ultrathin loudspeaker module ,歌尔声学股份有限公司,"陈钢, 范双双, 韩丹, 杨赟",2013-01-18,2013-01-18,2013-05-22,,https://patents.google.com/patent/CN103118320A/en,
CN-202181108-U,Material tray type material conveying device ,歌尔声学股份有限公司,"靳习永, 韩风德",2011-07-30,2011-07-30,2012-04-04,2012-04-04,https://patents.google.com/patent/CN202181108U/en,
CN-201185473-Y,Miniature moving-coil type electro-acoustic conversion device diaphragm ,歌尔声学股份有限公司,"刘春发, 宁尚磊",2008-04-19,2008-04-19,2009-01-21,2009-01-21,https://patents.google.com/patent/CN201185473Y/en,
US-2013142349-A1,"Method, device and system for eliminating noises with multi-microphone array ",Goertek Inc.,"Song Liu, Bo Li",2011-09-05,2012-04-10,2013-06-06,,https://patents.google.com/patent/US20130142349A1/en,https://patentimages.storage.googleapis.com/f5/2a/b9/4b4871f2772e93/US20130142349A1-20130606-D00000.png
CN-203830307-U,Precision workpiece detection separator ,歌尔声学股份有限公司,"房继斌, 董双清, 赵鹏",2014-05-16,2014-05-16,2014-09-17,2014-09-17,https://patents.google.com/patent/CN203830307U/en,
US-2010215192-A1,Method and device for extension of low frequency output from a loudspeaker ,Am3D A/S,Paulus Jacobus Minnaar,2007-09-03,2008-08-20,2010-08-26,,https://patents.google.com/patent/US20100215192A1/en,https://patentimages.storage.googleapis.com/US20100215192A1/US20100215192A1-20100826-D00000.png
CN-104135642-A,Intelligent monitoring method and relevant equipment ,青岛歌尔声学科技有限公司,胡守岩,2014-07-31,2014-07-31,2014-11-05,,https://patents.google.com/patent/CN104135642A/en,
CN-201789621-U,Moving-coil type acoustic generator ,歌尔声学股份有限公司,"刘春发, 葛连山",2010-05-06,2010-05-06,2011-04-06,2011-04-06,https://patents.google.com/patent/CN201789621U/en,
CN-104317054-A,Head-mounted display ,青岛歌尔声学科技有限公司,"陈锦灿, 刘敏",2014-10-27,2014-10-27,2015-01-28,,https://patents.google.com/patent/CN104317054A/en,
CN-103018015-A,Device and method for detecting optical-axis offset of lens in equipment ,青岛歌尔声学科技有限公司,"曲明东, 张坤, 张�雄, 唐云学",2012-12-26,2012-12-26,2013-04-03,,https://patents.google.com/patent/CN103018015A/en,
US-2013024194-A1,"Speech enhancing method and device, and nenoising communication headphone enhancing method and device, and denoising communication headphones ",Goertek Inc.,"Jian Zhao, Song Liu, Bo Li, Yang Hua",2010-11-25,2011-11-25,2013-01-24,,https://patents.google.com/patent/US20130024194A1/en,https://patentimages.storage.googleapis.com/6a/2f/2b/631a8837b99aa4/US20130024194A1-20130124-D00000.png
CN-101394687-A,Microphone with silicon capacitor ,歌尔声学股份有限公司,"宋锐锋, 宋青林, 庞胜利, 谷芳辉",2008-10-28,2008-10-28,2009-03-25,,https://patents.google.com/patent/CN101394687A/en,
CN-202351629-U,3D glasses on-off automatic control device and 3D glasses ,歌尔声学股份有限公司,"吴凡, 周宏伟, 韩盈盈",2011-10-13,2011-10-13,2012-07-25,2012-07-25,https://patents.google.com/patent/CN202351629U/en,
US-2013066631-A1,Parametric speech synthesis method and system ,Goertek Inc.,"Fengliang Wu, Zhenhua Wu",2011-08-10,2011-10-27,2013-03-14,,https://patents.google.com/patent/US20130066631A1/en,https://patentimages.storage.googleapis.com/9f/81/6f/3d6ee14a72a54e/US20130066631A1-20130314-D00000.png
CN-203759644-U,Device capable of reducing power consumption of wearable electronic equipment and wearable electronic equipment ,潍坊歌尔电子有限公司,"赵宇翔, 杜洋, 林大鹏, 邓雪冰",2013-12-31,2013-12-31,2014-08-06,2014-08-06,https://patents.google.com/patent/CN203759644U/en,
CN-103447695-A,Wiring tool for mini coaxial wire middle stripper ,歌尔声学股份有限公司,"王景岳, 尹玉田, 考锡森",2013-08-22,2013-08-22,2013-12-18,,https://patents.google.com/patent/CN103447695A/en,
CN-102572671-A,"Test method, test tool and test system for microphone tightness ",歌尔声学股份有限公司,"刘德华, 吴海雯",2010-12-20,2010-12-20,2012-07-11,,https://patents.google.com/patent/CN102572671A/en,
CN-101754082-A,Method and device for switching sound tracks according to horizontal or vertical arrangement of loudspeaker box ,北京歌尔泰克科技有限公司,"刘洋, 吴凤梁, 张向东, 王重乐, 职振华, 陈立国, 高强",2008-12-09,2008-12-09,2010-06-23,,https://patents.google.com/patent/CN101754082A/en,
CN-201995802-U,Solar charging three-dimension (3D) glasses box ,歌尔声学股份有限公司,"吴凡, 周宏伟, 韩盈盈",2011-03-29,2011-03-29,2011-10-05,2011-10-05,https://patents.google.com/patent/CN201995802U/en,
CN-203446722-U,Intelligent bracelet ,青岛歌尔声学科技有限公司,"高强, 戚建成, 郭衡江, 牛锡亮",2013-09-05,2013-09-05,2014-02-26,2014-02-26,https://patents.google.com/patent/CN203446722U/en,
CN-204498347-U,Loudspeaker module group ,歌尔声学股份有限公司,曹晓东,2015-04-13,2015-04-13,2015-07-22,2015-07-22,https://patents.google.com/patent/CN204498347U/en,
CN-201590889-U,Stereosonic bluetooth headset ,歌尔声学股份有限公司,"孙浩, 李德华",2009-12-25,2009-12-25,2010-09-22,2010-09-22,https://patents.google.com/patent/CN201590889U/en,
CN-102338297-A,LED (Light-emitting Diode) backlight module and display equipment with same ,歌尔声学股份有限公司,汤云明,2010-07-22,2010-07-22,2012-02-01,,https://patents.google.com/patent/CN102338297A/en,
US-8553921-B2,"Miniature microphone, protection frame thereof and method for manufacturing the same ",Goertek Inc.,"Rongguo Yao, Zhongyuan Liu, Xianbin Wang, Maoqiang Dang, Shaoyang Yao",2008-07-18,2009-07-17,2013-10-08,2013-10-08,https://patents.google.com/patent/US8553921B2/en,https://patentimages.storage.googleapis.com/85/ac/6b/a15254f9eac397/US08553921-20131008-D00000.png
CN-103108268-A,Speaker module and electronic device using the same ,歌尔声学股份有限公司,"贾伟, 石华, 陈国强",2013-02-07,2013-02-07,2013-05-15,,https://patents.google.com/patent/CN103108268A/en,
CN-104202703-A,Loudspeaker die set ,歌尔声学股份有限公司,"杨鑫峰, 徐同雁, 汲鹏程",2014-09-01,2014-09-01,2014-12-10,,https://patents.google.com/patent/CN104202703A/en,
CN-203301728-U,Dual-diaphragm loudspeaker module ,歌尔声学股份有限公司,"杨健斌, 宋倩倩, 江超",2013-05-18,2013-05-18,2013-11-20,2013-11-20,https://patents.google.com/patent/CN203301728U/en,
CN-201533390-U,Minitype microphone ,歌尔声学股份有限公司,"宋青林, 庞胜利",2009-10-26,2009-10-26,2010-07-21,2010-07-21,https://patents.google.com/patent/CN201533390U/en,
CN-202551337-U,Electroacoustic transducer ,歌尔声学股份有限公司,"江超, 赵国栋",2012-04-28,2012-04-28,2012-11-21,2012-11-21,https://patents.google.com/patent/CN202551337U/en,
CN-103369274-A,Intelligent television regulating system and television regulating method thereof ,青岛歌尔声学科技有限公司,"李坡, 钱琦",2013-06-28,2013-06-28,2013-10-23,,https://patents.google.com/patent/CN103369274A/en,
CN-204832684-U,Wear display with adjustable ,青岛歌尔声学科技有限公司,"陈锦灿, 周木根, 刘敏",2015-06-02,2015-06-02,2015-12-02,2015-12-02,https://patents.google.com/patent/CN204832684U/en,
CN-201945776-U,LED backlight display device ,歌尔声学股份有限公司,"安国顺, 张帅, 杨敏乐, 汤云明",2010-12-28,2010-12-28,2011-08-24,2011-08-24,https://patents.google.com/patent/CN201945776U/en,
CN-104570746-A,"Intelligent home furnishing control system and method, and intelligent home furnishing ",青岛歌尔声学科技有限公司,王琼,2014-11-24,2014-11-24,2015-04-29,,https://patents.google.com/patent/CN104570746A/en,
CN-204945492-U,Head mount display ,青岛歌尔声学科技有限公司,"陈立超, 周小飞",2015-08-28,2015-08-28,2016-01-06,2016-01-06,https://patents.google.com/patent/CN204945492U/en,
CN-103297904-A,Double-vibrating-diaphragm speaker module ,歌尔声学股份有限公司,"杨健斌, 江超",2013-05-18,2013-05-18,2013-09-11,,https://patents.google.com/patent/CN103297904A/en,
CN-204129441-U,Intelligent system and intelligent watch ,青岛歌尔声学科技有限公司,"徐振, 黎伟峯",2014-09-05,2014-09-05,2015-01-28,2015-01-28,https://patents.google.com/patent/CN204129441U/en,
CN-102624699-A,Method and system for protecting data ,歌尔声学股份有限公司,姜斌斌,2012-01-19,2012-01-19,2012-08-01,,https://patents.google.com/patent/CN102624699A/en,
CN-101674515-A,Miniature moving ring type electroacoustic transducer and assembling method thereof ,歌尔声学股份有限公司,"杨鑫峰, 超 江",2009-09-15,2009-09-15,2010-03-17,,https://patents.google.com/patent/CN101674515A/en,
CN-204347450-U,Watch ,青岛歌尔声学科技有限公司,"梁栋, 李海岗, 管延学",2014-12-31,2014-12-31,2015-05-20,2015-05-20,https://patents.google.com/patent/CN204347450U/en,
CN-204631452-U,Intelligent watch ,青岛歌尔声学科技有限公司,"李长顺, 赵宇翔, 王帅",2015-05-19,2015-05-19,2015-09-09,2015-09-09,https://patents.google.com/patent/CN204631452U/en,
CN-202799032-U,Speaker module ,歌尔声学股份有限公司,"王建建, 张志兵, 范双双, 邵明辉, 牟宗君, 许超, 陈钢",2012-08-25,2012-08-25,2013-03-13,2013-03-13,https://patents.google.com/patent/CN202799032U/en,
CN-202059561-U,Vibration system for miniature voice generator ,歌尔声学股份有限公司,"刘春发, 张�成, 蔡晓冬",2011-05-18,2011-05-18,2011-11-30,2011-11-30,https://patents.google.com/patent/CN202059561U/en,
CN-201590223-U,Stereo glasses ,歌尔声学股份有限公司,"于大超, 叶鑫, 郄勇",2010-01-28,2010-01-28,2010-09-22,2010-09-22,https://patents.google.com/patent/CN201590223U/en,
CN-202334881-U,Micro-electromechanical systems (MEMS) microphone ,歌尔声学股份有限公司,"宋青林, 端木鲁玉, 谷芳辉",2011-11-30,2011-11-30,2012-07-11,2012-07-11,https://patents.google.com/patent/CN202334881U/en,
CN-202907164-U,Electroacoustic transducer ,歌尔声学股份有限公司,李运海,2012-08-14,2012-08-14,2013-04-24,2013-04-24,https://patents.google.com/patent/CN202907164U/en,
CN-103727959-A,Step counting method and step counting device ,歌尔声学股份有限公司,"刘崧, 王福钋, 李娜",2013-12-31,2013-12-31,2014-04-16,,https://patents.google.com/patent/CN103727959A/en,
CN-104503086-A,Adjustable head-mounted display ,青岛歌尔声学科技有限公司,"郭宁, 李晓东, 李克",2014-12-31,2014-12-31,2015-04-08,,https://patents.google.com/patent/CN104503086A/en,
CN-202197344-U,Transmitter array echo eliminating system ,歌尔声学股份有限公司,"刘崧, 李波, 楼厦厦",2011-07-08,2011-07-08,2012-04-18,2012-04-18,https://patents.google.com/patent/CN202197344U/en,
CN-102752681-A,NFC (near field communication)-based Bluetooth headset and NFC-based Bluetooth communication method ,歌尔声学股份有限公司,"夏春水, 夏晓剑",2012-06-18,2012-06-18,2012-10-24,,https://patents.google.com/patent/CN102752681A/en,
CN-203135874-U,NFC bluetooth device ,青岛歌尔声学科技有限公司,夏春水,2013-03-23,2013-03-23,2013-08-14,2013-08-14,https://patents.google.com/patent/CN203135874U/en,
CN-103760945-A,Power control method and device of wearable device ,青岛歌尔声学科技有限公司,"宋超, 杜洋, 林大鹏",2013-12-31,2013-12-31,2014-04-30,,https://patents.google.com/patent/CN103760945A/en,
CN-103108269-A,Speaker module and electronic device using the same ,歌尔声学股份有限公司,"韩丹, 杨赟",2013-02-07,2013-02-07,2013-05-15,,https://patents.google.com/patent/CN103108269A/en,
CN-103949406-A,High-precision precise workpiece detecting-sorting machine ,歌尔声学股份有限公司,"董双清, 房继斌, 赵鹏",2014-05-16,2014-05-16,2014-07-30,,https://patents.google.com/patent/CN103949406A/en,
CN-102387273-A,Method and device for inhibiting residual echoes ,歌尔声学股份有限公司,"刘崧, 李波, 楼厦厦",2011-07-08,2011-10-24,2012-03-21,,https://patents.google.com/patent/CN102387273A/en,
CN-103032657-A,Flexible equipment ,青岛歌尔声学科技有限公司,"李金玉, 张忠华, 公平, 孙哲敏, 豆社安",2012-12-14,2012-12-14,2013-04-10,,https://patents.google.com/patent/CN103032657A/en,
CN-103767710-A,Method and device for monitoring human motion states ,歌尔声学股份有限公司,"李波, 王福钋, 李娜",2013-12-31,2013-12-31,2014-05-07,,https://patents.google.com/patent/CN103767710A/en,
CN-103987199-A,Full-automatic stiffening plate false sticking machine ,歌尔声学股份有限公司,"房继斌, 王文涛, 赵鹏",2014-06-03,2014-06-03,2014-08-13,,https://patents.google.com/patent/CN103987199A/en,
CN-202269008-U,Moving-coil sounder vibrating diaphragm ,歌尔声学股份有限公司,"江超, 牟宗君, 许超, 邵明辉",2011-09-22,2011-09-22,2012-06-06,2012-06-06,https://patents.google.com/patent/CN202269008U/en,
CN-103716073-A,Bluetooth device ,青岛歌尔声学科技有限公司,谢腾,2013-12-31,2013-12-31,2014-04-09,,https://patents.google.com/patent/CN103716073A/en,
CN-103093124-A,Method for restricting the usage of electronic equipment and electronic equipment ,歌尔声学股份有限公司,"刘新爱, 高强, 王重乐, 姜斌斌",2013-02-07,2013-02-07,2013-05-08,,https://patents.google.com/patent/CN103093124A/en,
CN-103297014-A,Startup and shutdown circuit and electronic device ,青岛歌尔声学科技有限公司,"韩盈盈, 吴凡, 李坡",2013-04-28,2013-04-28,2013-09-11,,https://patents.google.com/patent/CN103297014A/en,
CN-103022831-A,"Earphone socket, earphone noise reduction device and earphone socket implementation method ",青岛歌尔声学科技有限公司,"蔡永桂, 黄建",2012-12-30,2012-12-30,2013-04-03,,https://patents.google.com/patent/CN103022831A/en,
CN-104077276-A,Portable intelligent infant nursing device ,青岛歌尔声学科技有限公司,文建邦,2014-06-28,2014-06-28,2014-10-01,,https://patents.google.com/patent/CN104077276A/en,
CN-102256195-A,Moving-coil type electro-acoustic transducer ,歌尔声学股份有限公司,"刘春发, 张成飞, 江超, 葛连山",2010-09-01,2010-09-01,2011-11-23,,https://patents.google.com/patent/CN102256195A/en,
CN-102625216-A,Micro loudspeaker and electronic device utilizing same ,歌尔声学股份有限公司,"刘光磊, 宁尚磊, 李运海",2012-03-31,2012-03-31,2012-08-01,,https://patents.google.com/patent/CN102625216A/en,
CN-103024638-A,Electroacoustic transducer ,歌尔声学股份有限公司,"赵国栋, 葛连山, 蔡晓东",2012-11-25,2012-11-25,2013-04-03,,https://patents.google.com/patent/CN103024638A/en,
CN-204291373-U,Mini loudspeaker ,歌尔声学股份有限公司,"王泽�, 朱跃光",2014-12-23,2014-12-23,2015-04-22,2015-04-22,https://patents.google.com/patent/CN204291373U/en,
CN-202799151-U,Testing device for noise reduction earphone ,歌尔声学股份有限公司,"刘崧, 赵剑, 华洋",2012-07-18,2012-07-18,2013-03-13,2013-03-13,https://patents.google.com/patent/CN202799151U/en,
CN-203770799-U,Power supply time-sequence control circuit and electromagnetic valve control system ,青岛歌尔声学科技有限公司,"刘辉, 郄勇",2014-03-28,2014-03-28,2014-08-13,2014-08-13,https://patents.google.com/patent/CN203770799U/en,
CN-201995124-U,Mini type moving-coil electrosonic transducer ,歌尔声学股份有限公司,"杨健斌, 江超, 邵明辉",2011-02-26,2011-02-26,2011-09-28,2011-09-28,https://patents.google.com/patent/CN201995124U/en,
CN-204009393-U,User state monitoring watch ,歌尔声学股份有限公司,"刘崧, 张东, 刘洋, 程长松, 孟祥亮, 姚彦平",2014-06-09,2014-06-09,2014-12-10,2014-12-10,https://patents.google.com/patent/CN204009393U/en,
CN-203459789-U,Welding equipment for superfine coaxial cables ,歌尔声学股份有限公司,"辛福成, 尹玉田, 田跃荣, 杨洪永, 姬常超",2013-08-20,2013-08-20,2014-03-05,2014-03-05,https://patents.google.com/patent/CN203459789U/en,
CN-204101817-U,Head-mounted display ,青岛歌尔声学科技有限公司,"陈锦灿, 刘敏",2014-10-27,2014-10-27,2015-01-14,2015-01-14,https://patents.google.com/patent/CN204101817U/en,
CN-203340288-U,Indoor wireless system and intelligent terminal ,歌尔声学股份有限公司,"王重乐, 姜斌斌, 张娟",2013-01-25,2013-01-25,2013-12-11,2013-12-11,https://patents.google.com/patent/CN203340288U/en,
CN-203465677-U,Intelligent watch capable of achieving key function through accelerator sensor ,潍坊歌尔电子有限公司,"韩盈盈, 吴凡, 李长顺",2013-09-27,2013-09-27,2014-03-05,2014-03-05,https://patents.google.com/patent/CN203465677U/en,
CN-204229180-U,Multi-core control system ,歌尔声学股份有限公司,王清泉,2014-11-17,2014-11-17,2015-03-25,2015-03-25,https://patents.google.com/patent/CN204229180U/en,
US-2014146973-A1,Test Device And Test Method For Active Noise Reduction Headphone ,Goertek Inc.,"Song Liu, Jian Zhao, Yang Hua",2012-07-18,2013-07-17,2014-05-29,,https://patents.google.com/patent/US20140146973A1/en,https://patentimages.storage.googleapis.com/c7/b8/82/988a636036b82b/US20140146973A1-20140529-D00000.png
CN-202950166-U,Anti-theft case and anti-theft case system ,歌尔声学股份有限公司,"罗海鹏, 夏晓剑, 石灵吉, 孙一镔, 陈根",2012-10-25,2012-10-25,2013-05-29,2013-05-29,https://patents.google.com/patent/CN202950166U/en,
CN-105758452-A,Wearing state detection method and device of wearable equipment ,歌尔声学股份有限公司,李海波,2016-02-04,2016-02-04,2016-07-13,,https://patents.google.com/patent/CN105758452A/en,
CN-103149695-A,Three-dimensional (3D) glasses with health detection function ,歌尔声学股份有限公司,"李瑞波, 叶鑫, 郄勇",2013-02-26,2013-02-26,2013-06-12,,https://patents.google.com/patent/CN103149695A/en,
CN-103686550-A,Loudspeaker module group ,歌尔声学股份有限公司,"邵明辉, 张志兵, 陈钢, 杨健斌",2013-11-18,2013-11-18,2014-03-26,,https://patents.google.com/patent/CN103686550A/en,
CN-102547547-A,"Microphone test tool, test system and test method ",歌尔声学股份有限公司,"刘德华, 方瑞学",2012-03-02,2012-03-02,2012-07-04,,https://patents.google.com/patent/CN102547547A/en,
CN-102749064-A,Method and device for measuring backboard planeness of liquid crystal display device ,歌尔声学股份有限公司,"张帅, 曹永�, 谭树民",2012-06-19,2012-06-19,2012-10-24,,https://patents.google.com/patent/CN102749064A/en,
CN-103347111-A,Intelligent mobile electronic equipment with size and weight estimation function ,青岛歌尔声学科技有限公司,"李坡, 钱琦",2013-07-27,2013-07-27,2013-10-09,,https://patents.google.com/patent/CN103347111A/en,
CN-104238344-A,Intelligent system and intelligent wrist watch ,青岛歌尔声学科技有限公司,"徐振, 黎伟峯",2014-09-05,2014-09-05,2014-12-24,,https://patents.google.com/patent/CN104238344A/en,
CN-103813202-A,"Smart television with interactive function, handheld device with interactive function and interactive method of smart television and handheld device ",歌尔声学股份有限公司,"刘崧, 姜斌斌",2014-01-28,2014-01-28,2014-05-21,,https://patents.google.com/patent/CN103813202A/en,
CN-103427315-A,Micro coaxial cable stripping and drawing machine ,歌尔声学股份有限公司,"考锡森, 尹玉田, 王景岳",2013-08-22,2013-08-22,2013-12-04,,https://patents.google.com/patent/CN103427315A/en,
CN-103281659-A,Micro-electro-mechanical-system (MEMS) microphone and manufacturing method thereof ,歌尔声学股份有限公司,蔡孟锦,2013-05-03,2013-05-03,2013-09-04,,https://patents.google.com/patent/CN103281659A/en,
CN-103501403-A,Pop-up mechanism and camera ,青岛歌尔声学科技有限公司,"豆社安, 刘晓东",2013-09-27,2013-09-27,2014-01-08,,https://patents.google.com/patent/CN103501403A/en,
CN-202488688-U,Micro sounder ,歌尔声学股份有限公司,"牟宗君, 苗青, 许超, 邵明辉, 陈刚",2012-02-22,2012-02-22,2012-10-10,2012-10-10,https://patents.google.com/patent/CN202488688U/en,
CN-203368735-U,Flat plate type bass loudspeaker and electronic device employing the same ,歌尔声学股份有限公司,"江超, 杨健斌, 李志�, 焦其金",2013-05-08,2013-05-08,2013-12-25,2013-12-25,https://patents.google.com/patent/CN203368735U/en,
CN-204580127-U,Wrist-watch of adjustable watchband length ,青岛歌尔声学科技有限公司,李长顺,2015-04-23,2015-04-23,2015-08-26,2015-08-26,https://patents.google.com/patent/CN204580127U/en,
CN-204350287-U,Loudspeaker module group ,歌尔声学股份有限公司,"曹晓东, 李春来",2015-01-06,2015-01-06,2015-05-20,2015-05-20,https://patents.google.com/patent/CN204350287U/en,
CN-204131089-U,Overheating protection circuit of electronic system and electronic system ,青岛歌尔声学科技有限公司,李树鹏,2014-07-22,2014-07-22,2015-01-28,2015-01-28,https://patents.google.com/patent/CN204131089U/en,
CN-203184960-U,X-Y-theta three-freedom-degree adjustment platform ,歌尔声学股份有限公司,"王克生, 徐友瑞",2013-03-30,2013-03-30,2013-09-11,2013-09-11,https://patents.google.com/patent/CN203184960U/en,
CN-202841514-U,Loudspeaker unit ,歌尔声学股份有限公司,徐同雁,2012-10-20,2012-10-20,2013-03-27,2013-03-27,https://patents.google.com/patent/CN202841514U/en,
CN-202997644-U,Bluetooth earphone charging case ,青岛歌尔声学科技有限公司,"夏春水, 石灵吉, 真程程",2012-12-26,2012-12-26,2013-06-12,2013-06-12,https://patents.google.com/patent/CN202997644U/en,
CN-202773040-U,Loudspeaker module group ,歌尔声学股份有限公司,"万领, 石华",2012-09-10,2012-09-10,2013-03-06,2013-03-06,https://patents.google.com/patent/CN202773040U/en,
CN-202153781-U,Microphone unit automatic assembling device used for microphone assembling ,歌尔声学股份有限公司,张恩强,2011-07-30,2011-07-30,2012-02-29,2012-02-29,https://patents.google.com/patent/CN202153781U/en,
CN-202679595-U,Electroacoustic conversion device ,歌尔声学股份有限公司,"杨健斌, 韩丹, 杨赟",2012-06-27,2012-06-27,2013-01-16,2013-01-16,https://patents.google.com/patent/CN202679595U/en,
CN-203206561-U,LED drive circuit powered by button cell and bluetooth device ,青岛歌尔声学科技有限公司,石灵吉,2013-04-27,2013-04-27,2013-09-18,2013-09-18,https://patents.google.com/patent/CN203206561U/en,
CN-203644602-U,Button assembly and watch ,青岛歌尔声学科技有限公司,"李金玉, 孙哲敏, 葛东",2013-10-30,2013-10-30,2014-06-11,2014-06-11,https://patents.google.com/patent/CN203644602U/en,
US-2015016659-A1,Miniature electroacoustic transducer and assembling method thereof ,GOERTEK INC. a corporation,"Ze Wang, Lianshan Ge, Chunfa Liu",2012-02-20,2012-02-22,2015-01-15,,https://patents.google.com/patent/US20150016659A1/en,https://patentimages.storage.googleapis.com/0e/ba/04/34c72fe1412175/US20150016659A1-20150115-D00000.png
CN-204500205-U,Smart glass ,青岛歌尔声学科技有限公司,温晓峰,2015-03-13,2015-03-13,2015-07-29,2015-07-29,https://patents.google.com/patent/CN204500205U/en,
CN-204180228-U,Speaker Module ,歌尔声学股份有限公司,"周树芝, 陈阿亮",2014-11-12,2014-11-12,2015-02-25,2015-02-25,https://patents.google.com/patent/CN204180228U/en,
US-2014376766-A1,Miniature moving-coil speaker ,Goertek Inc.,"Gang Chen, Minghui Shao, Qing Miao, Chao Xu, Zongjun Mou",2011-12-30,2012-02-20,2014-12-25,,https://patents.google.com/patent/US20140376766A1/en,https://patentimages.storage.googleapis.com/a4/0c/18/a926f733f3f239/US20140376766A1-20141225-D00000.png
CN-203225864-U,Loudspeaker module and electronic device using same ,歌尔声学股份有限公司,"韩丹, 杨赟",2013-02-07,2013-02-07,2013-10-02,2013-10-02,https://patents.google.com/patent/CN203225864U/en,
CN-200966188-Y,Digital microphone double-layer PCB ,潍坊歌尔电子有限公司,"王显彬, 祝润兰",2006-06-26,2006-06-26,2007-10-24,2007-10-24,https://patents.google.com/patent/CN200966188Y/en,
CN-203840519-U,Loudspeaker module set ,歌尔声学股份有限公司,"孙洪超, 孙野",2014-05-13,2014-05-13,2014-09-17,2014-09-17,https://patents.google.com/patent/CN203840519U/en,
CN-2935691-Y,Silicon microphones ,潍坊歌尔电子有限公司,"宋青林, 梅嘉欣",2006-05-22,2006-05-22,2007-08-15,2007-08-15,https://patents.google.com/patent/CN2935691Y/en,
CN-204030947-U,USB interface circuit ,青岛歌尔声学科技有限公司,林振翠,2014-07-17,2014-07-17,2014-12-17,2014-12-17,https://patents.google.com/patent/CN204030947U/en,
CN-204405695-U,Z-axis structure of accelerometer ,歌尔声学股份有限公司,郑国光,2015-01-30,2015-01-30,2015-06-17,2015-06-17,https://patents.google.com/patent/CN204405695U/en,
CN-203193875-U,Speaker Module ,歌尔声学股份有限公司,"韩丹, 杨赟",2013-04-02,2013-04-02,2013-09-11,2013-09-11,https://patents.google.com/patent/CN203193875U/en,
CN-202068311-U,Flat linear vibrator ,歌尔声学股份有限公司,"杨鑫峰, 江超",2011-05-18,2011-05-18,2011-12-07,2011-12-07,https://patents.google.com/patent/CN202068311U/en,
CN-202838949-U,Self-adaptive noise cancellation device ,歌尔声学股份有限公司,"吴凤梁, 职振华",2012-09-07,2012-09-07,2013-03-27,2013-03-27,https://patents.google.com/patent/CN202838949U/en,
CN-202957819-U,Bluetooth device and Bluetooth antitheft system ,歌尔声学股份有限公司,"郑勇, 罗海鹏, 夏晓剑, 石灵吉, 余光洪, 邵明保, 殷海军",2012-10-19,2012-10-19,2013-05-29,2013-05-29,https://patents.google.com/patent/CN202957819U/en,
CN-203301465-U,Infrared signal processing circuit reducing interference ,歌尔声学股份有限公司,"李坡, 韩盈盈, 吴凡, 刘东宝, 孔晓丽",2013-06-28,2013-06-28,2013-11-20,2013-11-20,https://patents.google.com/patent/CN203301465U/en,
CN-203086730-U,Ultra-thin loudspeaker module group ,歌尔声学股份有限公司,"陈钢, 范双双, 韩丹, 杨赟",2013-01-18,2013-01-18,2013-07-24,2013-07-24,https://patents.google.com/patent/CN203086730U/en,
CN-104683797-A,Smart TV production test methods and systems ,青岛歌尔声学科技有限公司,"崔振科, 朱晓佳, 刘影疏, 王平亮, 刘文杰",2015-03-05,2015-03-05,2015-06-03,,https://patents.google.com/patent/CN104683797A/en,
CN-102387454-A,Silicon microphone and packaging structure of product applying same ,歌尔声学股份有限公司,宋青林,2010-09-03,2010-09-03,2012-03-21,,https://patents.google.com/patent/CN102387454A/en,
CN-102595295-A,Micro-electro-mechanical-system (MEMS) microphone ,歌尔声学股份有限公司,"宋青林, 潘昕",2012-03-06,2012-03-06,2012-07-18,,https://patents.google.com/patent/CN102595295A/en,
CN-104897334-A,MEMS (Micro-electromechanical Systems) pressure sensing element ,歌尔声学股份有限公司,郑国光,2015-06-29,2015-06-29,2015-09-09,,https://patents.google.com/patent/CN104897334A/en,
CN-103809492-A,One-key type multifunctional control circuit and wearable electronic product ,青岛歌尔声学科技有限公司,"韩盈盈, 陈磊, 李长顺",2014-02-25,2014-02-25,2014-05-21,,https://patents.google.com/patent/CN103809492A/en,
CN-102256196-A,Micro moving-coil electroacoustic transducer and assembling method thereof ,歌尔声学股份有限公司,"刘春发, 郭晓冬",2011-01-26,2011-01-26,2011-11-23,,https://patents.google.com/patent/CN102256196A/en,
CN-103747398-A,Loudspeaker module and electronic device comprising the loudspeaker module ,歌尔声学股份有限公司,"戴志干, 伍迪, 李卉昱, 杨鑫峰",2013-12-25,2013-12-25,2014-04-23,,https://patents.google.com/patent/CN103747398A/en,
CN-103066978-A,Switching circuit ,歌尔声学股份有限公司,"周靖, 刘忠远, 陈立国, 徐小龙, 姜斌斌",2011-10-21,2011-10-21,2013-04-24,,https://patents.google.com/patent/CN103066978A/en,
CN-102752682-A,Bluetooth earphone with multiplexing of USB (Universal Serial Bus) interface ,歌尔声学股份有限公司,宋国明,2012-06-29,2012-06-29,2012-10-24,,https://patents.google.com/patent/CN102752682A/en,
CN-103491397-A,Method and system for achieving self-adaptive surround sound ,歌尔声学股份有限公司,"刘崧, 楼厦厦, 李波",2013-09-25,2013-09-25,2014-01-01,,https://patents.google.com/patent/CN103491397A/en,
CN-102857853-A,Earphone testing device ,歌尔声学股份有限公司,"胡宗保, 郑文团, 宋宝辉",2012-10-09,2012-10-09,2013-01-02,,https://patents.google.com/patent/CN102857853A/en,
CN-103856874-A,Loudspeaker vibration system ,歌尔声学股份有限公司,"宋倩倩, 江超",2014-03-05,2014-03-05,2014-06-11,,https://patents.google.com/patent/CN103856874A/en,
CN-102118674-A,MEMS microphone and encapsulation method thereof ,歌尔声学股份有限公司,宋青林,2010-01-05,2010-01-05,2011-07-06,,https://patents.google.com/patent/CN102118674A/en,
CN-103269462-A,Loudspeaker module ,歌尔声学股份有限公司,"范双双, 陈钢, 韩丹, 杨赟",2013-05-10,2013-05-10,2013-08-28,,https://patents.google.com/patent/CN103269462A/en,
CN-102916730-A,Bluetooth equipment and Bluetooth antitheft system ,歌尔声学股份有限公司,"郑勇, 罗海鹏, 夏晓剑, 石灵吉, 余光洪, 邵明保, 殷海军",2012-10-19,2012-10-19,2013-02-06,,https://patents.google.com/patent/CN102916730A/en,
CN-103686547-A,Loudspeaker diaphragm and manufacturing method thereof ,歌尔声学股份有限公司,"常秀丽, 张永华, 籍成宗",2013-12-09,2013-12-09,2014-03-26,,https://patents.google.com/patent/CN103686547A/en,
CN-101478710-A,Silicon capacitor microphone ,歌尔声学股份有限公司,"宋青林, 庞胜利, 谷芳辉",2009-01-17,2009-01-17,2009-07-08,,https://patents.google.com/patent/CN101478710A/en,
CN-103209377-A,Multi-functional loudspeaker ,歌尔声学股份有限公司,"杨健斌, 江超",2013-03-19,2013-03-19,2013-07-17,,https://patents.google.com/patent/CN103209377A/en,
CN-103954434-A,"Optical axis calibration gauge, system and method ",青岛歌尔声学科技有限公司,"赵博刚, 杨春, 周宏伟",2014-04-16,2014-04-16,2014-07-30,,https://patents.google.com/patent/CN103954434A/en,
CN-102833476-A,Camera for terminal equipment and implementation method of camera for terminal equipment ,歌尔声学股份有限公司,"胡明辉, 郎园园, 毕龙涛, 于大超",2012-08-17,2012-08-17,2012-12-19,,https://patents.google.com/patent/CN102833476A/en,
CN-102118667-A,"Unsealed earplug-type headset, and device and method for enhancing voice of receiving end ",歌尔声学股份有限公司,"刘崧, 赵剑",2009-12-31,2009-12-31,2011-07-06,,https://patents.google.com/patent/CN102118667A/en,
CN-101742371-A,Microphone capable of suppressing wind noise ,潍坊歌尔电子有限公司,"姜朋欣, 张向东, 王俊理, 赵燕鹏, 黄莹",2008-11-12,2008-11-12,2010-06-16,,https://patents.google.com/patent/CN101742371A/en,
CN-103887683-A,Full-automatic assembling device of puncture connector ,歌尔声学股份有限公司,"韩海庆, 赵军栋, 左春玉, 侯成海, 张恩强",2014-04-12,2014-04-12,2014-06-25,,https://patents.google.com/patent/CN103887683A/en,
CN-103052017-A,Sounding device and manufacturing method thereof ,歌尔声学股份有限公司,"杨健斌, 江超",2013-01-07,2013-01-07,2013-04-17,,https://patents.google.com/patent/CN103052017A/en,
CN-103475981-A,Loudspeaker vibration system ,歌尔声学股份有限公司,"刘学路, 杨鑫峰",2013-08-27,2013-08-27,2013-12-25,,https://patents.google.com/patent/CN103475981A/en,
CN-104038300-A,"Method, device and system for preventing mobile terminal from being lost ",青岛歌尔声学科技有限公司,邓雪冰,2014-06-28,2014-06-28,2014-09-10,,https://patents.google.com/patent/CN104038300A/en,
CN-103002373-A,Earphone and method for detecting earphone wearing state ,青岛歌尔声学科技有限公司,"宋国明, 郭建光, 陈小艳",2012-11-19,2012-11-19,2013-03-27,,https://patents.google.com/patent/CN103002373A/en,
CN-102346623-A,Method and system for controlling host computer with display function ,歌尔声学股份有限公司,"姜斌斌, 张向东, 曾小波, 王恬, 王重乐, 邓宝成, 陈立国, 高强",2010-07-30,2010-07-30,2012-02-08,,https://patents.google.com/patent/CN102346623A/en,
CN-102566139-A,LED (Light-Emitting Diode) backlight display equipment ,歌尔声学股份有限公司,"安国顺, 张帅, 杨敏乐, 汤云明",2010-12-28,2010-12-28,2012-07-11,,https://patents.google.com/patent/CN102566139A/en,
CN-104581119-A,Display method of 3D images and head-wearing equipment ,青岛歌尔声学科技有限公司,"尹琪, 周宏伟",2014-12-31,2014-12-31,2015-04-29,,https://patents.google.com/patent/CN104581119A/en,
CN-104503083-A,Adjustable head-mounted display ,青岛歌尔声学科技有限公司,"张锋, 郭宁, 李晓东, 李克",2014-12-31,2014-12-31,2015-04-08,,https://patents.google.com/patent/CN104503083A/en,
CN-103699201-A,Multifunctional power-on circuit and Bluetooth product ,青岛歌尔声学科技有限公司,"程飞龙, 夏春水",2013-12-31,2013-12-31,2014-04-02,,https://patents.google.com/patent/CN103699201A/en,
CN-103742497-A,Pressing height-regulating device ,青岛歌尔声学科技有限公司,刘晓东,2013-12-18,2013-12-18,2014-04-23,,https://patents.google.com/patent/CN103742497A/en,
CN-102821015-A,Method and system for realizing mutual control of multimedia terminals in home ,歌尔声学股份有限公司,"孟策, 姜斌斌, 王重乐",2012-08-07,2012-08-07,2012-12-12,,https://patents.google.com/patent/CN102821015A/en,
CN-102905062-A,Built-in camera and implementation method thereof ,歌尔声学股份有限公司,"李金玉, 张忠华, 公平, 孙哲敏, 豆社安",2012-10-17,2012-10-17,2013-01-30,,https://patents.google.com/patent/CN102905062A/en,
CN-202799034-U,Speaker module ,歌尔声学股份有限公司,"王建建, 张志兵, 范双双, 邵明辉, 牟宗君, 许超, 陈钢",2012-08-25,2012-08-25,2013-03-13,2013-03-13,https://patents.google.com/patent/CN202799034U/en,
CN-204675826-U,"MEMS pressure sensor , MEMS inertial sensor integrated morphology ",歌尔声学股份有限公司,郑国光,2015-05-29,2015-05-29,2015-09-30,2015-09-30,https://patents.google.com/patent/CN204675826U/en,
CN-204188869-U,Large-aperture ultra-wide angle camera lens ,青岛歌尔声学科技有限公司,杨春,2014-09-22,2014-09-22,2015-03-04,2015-03-04,https://patents.google.com/patent/CN204188869U/en,
CN-202535532-U,Micro speaker and electric device using the same ,歌尔声学股份有限公司,"刘光磊, 宁尚磊, 李运海",2012-03-31,2012-03-31,2012-11-14,2012-11-14,https://patents.google.com/patent/CN202535532U/en,
CN-203180871-U,Bluetooth earphone reset circuit ,潍坊歌尔电子有限公司,"夏春水, 夏晓剑, 石灵吉",2013-03-27,2013-03-27,2013-09-04,2013-09-04,https://patents.google.com/patent/CN203180871U/en,
CN-201657281-U,Moving-coil-type electroacoustic transducer ,歌尔声学股份有限公司,"刘春发, 葛连山",2010-05-21,2010-05-21,2010-11-24,2010-11-24,https://patents.google.com/patent/CN201657281U/en,
CN-201590883-U,Touch button bluetooth headset ,歌尔声学股份有限公司,"孙浩, 王良",2010-01-27,2010-01-27,2010-09-22,2010-09-22,https://patents.google.com/patent/CN201590883U/en,
CN-201444696-U,Miniature microphone structure capable of being assembled easily ,歌尔声学股份有限公,"李欣亮, 王友",2009-06-19,2009-06-19,2010-04-28,2010-04-28,https://patents.google.com/patent/CN201444696U/en,
CN-203225876-U,Speaker Module ,歌尔声学股份有限公司,"邵明辉, 陈钢, 许超",2013-04-16,2013-04-16,2013-10-02,2013-10-02,https://patents.google.com/patent/CN203225876U/en,
CN-203251317-U,A smart home monitoring system using Bluetooth low-energy BLE modules ,歌尔声学股份有限公司,"姚艳红, 胡明辉",2013-05-22,2013-05-22,2013-10-23,2013-10-23,https://patents.google.com/patent/CN203251317U/en,
CN-202374438-U,Electroacoustic transducer diaphragm ,歌尔声学股份有限公司,"刘学路, 宁尚磊, 杨鑫峰, 江超, 郭晓冬",2011-12-19,2011-12-19,2012-08-08,2012-08-08,https://patents.google.com/patent/CN202374438U/en,
CN-203745004-U,Fusion sensor ,歌尔声学股份有限公司,张俊德,2014-02-12,2014-02-12,2014-07-30,2014-07-30,https://patents.google.com/patent/CN203745004U/en,
CN-203191682-U,PCB (printed circuit board) and film aligning device ,歌尔声学股份有限公司,"苏斌, 贺文佳, 于浩, 于涛, 徐友瑞, 王克生",2013-03-30,2013-03-30,2013-09-11,2013-09-11,https://patents.google.com/patent/CN203191682U/en,
CN-201898612-U,Silicon microphone and packaging structure applied to silicon microphone products ,歌尔声学股份有限公司,宋青林,2010-09-03,2010-09-03,2011-07-13,2011-07-13,https://patents.google.com/patent/CN201898612U/en,
CN-201789399-U,Flat linear vibrator ,歌尔声学股份有限公司,"杨鑫峰, 江超",2010-09-01,2010-09-01,2011-04-06,2011-04-06,https://patents.google.com/patent/CN201789399U/en,
CN-201774675-U,Mini microphone testing device ,歌尔声学股份有限公司,"王维奎, 邱东",2010-07-12,2010-07-12,2011-03-23,2011-03-23,https://patents.google.com/patent/CN201774675U/en,
CN-201667712-U,Moving-coil type electroacoustic transducer ,歌尔声学股份有限公司,"刘春发, 葛连山",2010-04-22,2010-04-22,2010-12-08,2010-12-08,https://patents.google.com/patent/CN201667712U/en,
CN-203279158-U,Flatbed woofer ,歌尔声学股份有限公司,"江超, 杨健斌, 李志�, 焦其金",2013-05-08,2013-05-08,2013-11-06,2013-11-06,https://patents.google.com/patent/CN203279158U/en,
CN-204131710-U,Loudspeaker module group ,歌尔声学股份有限公司,"苗青, 王新",2014-09-30,2014-09-30,2015-01-28,2015-01-28,https://patents.google.com/patent/CN204131710U/en,
CN-203368742-U,Loudspeaker monomer and loudspeaker module accepting same ,歌尔声学股份有限公司,"刘一韬, 苗青, 邵帅, 宋学平",2013-07-26,2013-07-26,2013-12-25,2013-12-25,https://patents.google.com/patent/CN203368742U/en,
CN-202841515-U,Loudspeaker unit ,歌尔声学股份有限公司,徐同雁,2012-10-20,2012-10-20,2013-03-27,2013-03-27,https://patents.google.com/patent/CN202841515U/en,
CN-203225866-U,Loudspeaker module ,歌尔声学股份有限公司,"刘一韬, 戴志干, 苗青",2013-04-16,2013-04-16,2013-10-02,2013-10-02,https://patents.google.com/patent/CN203225866U/en,
US-2016188925-A1,Method for controlling nfc tag and controlled nfc tag ,Goertek Inc .,"Yang Liu, Liguo CHEN, Xiaolong XU",2013-08-07,2014-08-06,2016-06-30,,https://patents.google.com/patent/US20160188925A1/en,https://patentimages.storage.googleapis.com/43/13/8e/dd4eec28a48fc1/US20160188925A1-20160630-D00000.png
CN-203645668-U,Bluetooth device ,青岛歌尔声学科技有限公司,谢腾,2013-12-31,2013-12-31,2014-06-11,2014-06-11,https://patents.google.com/patent/CN203645668U/en,
CN-204360008-U,"Micro-display ocular lens, head-mounted ocular lens system and head-mounted visual equipment ",青岛歌尔声学科技有限公司,"王元鹏, 杨春",2014-12-17,2014-12-17,2015-05-27,2015-05-27,https://patents.google.com/patent/CN204360008U/en,
CN-203185174-U,Vacuum absorption fixing platform ,歌尔声学股份有限公司,"于浩, 于涛",2013-03-30,2013-03-30,2013-09-11,2013-09-11,https://patents.google.com/patent/CN203185174U/en,
CN-202374439-U,Electroacoustic transducer ,歌尔声学股份有限公司,"侯金彩, 蔡晓东",2011-12-02,2011-12-02,2012-08-08,2012-08-08,https://patents.google.com/patent/CN202374439U/en,
CN-202957890-U,Voice reinforcing device applied to handset ,歌尔声学股份有限公司,"刘崧, 李波, 楼厦厦",2012-08-07,2012-08-07,2013-05-29,2013-05-29,https://patents.google.com/patent/CN202957890U/en,
CN-202587316-U,Microphone ,歌尔声学股份有限公司,"庞胜利, 王淑珍",2012-05-24,2012-05-24,2012-12-05,2012-12-05,https://patents.google.com/patent/CN202587316U/en,
CN-203658711-U,Direct type LED backlight module group capable of eliminating lamp shadow and liquid crystal product ,青岛歌尔声学科技有限公司,"倪玲玲, 刘风磊",2013-12-31,2013-12-31,2014-06-18,2014-06-18,https://patents.google.com/patent/CN203658711U/en,
CN-204180268-U,Speaker Module ,歌尔声学股份有限公司,"徐同雁, 汲鹏程",2014-11-20,2014-11-20,2015-02-25,2015-02-25,https://patents.google.com/patent/CN204180268U/en,
CN-203788459-U,Mems microphone ,歌尔声学股份有限公司,"孙德波, 刘文涛, 董南京",2014-04-03,2014-04-03,2014-08-20,2014-08-20,https://patents.google.com/patent/CN203788459U/en,
CN-201594811-U,MEMS microphone ,歌尔声学股份有限公司,"宋青林, 庞胜利",2010-01-13,2010-01-13,2010-09-29,2010-09-29,https://patents.google.com/patent/CN201594811U/en,
CN-203104592-U,Device for cancelling echoes in miniature hands-free voice communication system ,歌尔声学股份有限公司,"刘崧, 楼厦厦, 李波",2012-12-20,2012-12-20,2013-07-31,2013-07-31,https://patents.google.com/patent/CN203104592U/en,
CN-202353951-U,Chip mounter suction nozzle ,歌尔声学股份有限公司,"孙德波, 徐霞, 李宁波",2011-11-30,2011-11-30,2012-07-25,2012-07-25,https://patents.google.com/patent/CN202353951U/en,
CN-204302573-U,Head display ,青岛歌尔声学科技有限公司,"郭宁, 李晓东, 李克",2014-12-31,2014-12-31,2015-04-29,2015-04-29,https://patents.google.com/patent/CN204302573U/en,
CN-203193868-U,Multi-function speaker ,歌尔声学股份有限公司,"杨健斌, 江超",2013-03-19,2013-03-19,2013-09-11,2013-09-11,https://patents.google.com/patent/CN203193868U/en,
CN-202957968-U,Electro-acoustic transducer ,歌尔声学股份有限公司,"赵国栋, 葛连山, 蔡晓东",2012-11-25,2012-11-25,2013-05-29,2013-05-29,https://patents.google.com/patent/CN202957968U/en,
CN-202135318-U,Capacitive microphone device ,歌尔声学股份有限公司,吴安生,2011-06-29,2011-06-29,2012-02-01,2012-02-01,https://patents.google.com/patent/CN202135318U/en,
CN-203384605-U,Telescoping mechanism and electrical equipment ,青岛歌尔声学科技有限公司,"李金玉, 公平, 孙哲敏, 豆社安, 陈泽河, 杜林�, 刘晓东",2013-06-05,2013-06-05,2014-01-08,2014-01-08,https://patents.google.com/patent/CN203384605U/en,
CN-203708465-U,Loudspeaker module group ,歌尔声学股份有限公司,"朱婷, 刘光磊",2013-11-28,2013-11-28,2014-07-09,2014-07-09,https://patents.google.com/patent/CN203708465U/en,
CN-204989624-U,Eyepiece system with wear display ,青岛歌尔声学科技有限公司,王元鹏,2015-05-25,2015-05-25,2016-01-20,2016-01-20,https://patents.google.com/patent/CN204989624U/en,
CN-203368738-U,Flat plate type bass loudspeaker ,歌尔声学股份有限公司,"江超, 杨健斌, 李志�, 焦其金",2013-05-08,2013-05-08,2013-12-25,2013-12-25,https://patents.google.com/patent/CN203368738U/en,
CN-203590434-U,Loudspeaker vibration system ,歌尔声学股份有限公司,"刘学路, 杨鑫峰",2013-08-27,2013-08-27,2014-05-07,2014-05-07,https://patents.google.com/patent/CN203590434U/en,
CN-203705471-U,Z-axis accelerometer ,歌尔声学股份有限公司,张俊德,2014-01-26,2014-01-26,2014-07-09,2014-07-09,https://patents.google.com/patent/CN203705471U/en,
CN-204498363-U,Sound-absorbing assembly and loudspeaker module group having the same ,歌尔声学股份有限公司,"刘金利, 曹晓东",2015-04-13,2015-04-13,2015-07-22,2015-07-22,https://patents.google.com/patent/CN204498363U/en,
CN-202997648-U,Lithium-battery electric-loss activation apparatus ,青岛歌尔声学科技有限公司,李进保,2012-12-27,2012-12-27,2013-06-12,2013-06-12,https://patents.google.com/patent/CN202997648U/en,
CN-203120108-U,Head type microphone ,歌尔声学股份有限公司,"刘崧, 姜磊",2012-12-25,2012-12-25,2013-08-07,2013-08-07,https://patents.google.com/patent/CN203120108U/en,
CN-201947427-U,Electronic product ,歌尔声学股份有限公司,"宋青林, 庞胜利, 谷芳辉",2010-12-28,2010-12-28,2011-08-24,2011-08-24,https://patents.google.com/patent/CN201947427U/en,
CN-203590402-U,Earphone ,歌尔声学股份有限公司,"赵燕鹏, 陈起高, 徐江涛",2013-08-26,2013-08-26,2014-05-07,2014-05-07,https://patents.google.com/patent/CN203590402U/en,
CN-203279124-U,Foldable headphones ,歌尔声学股份有限公司,"王辉, 罗志平",2013-04-22,2013-04-22,2013-11-06,2013-11-06,https://patents.google.com/patent/CN203279124U/en,
CN-203590436-U,Mini-sized loudspeaker ,歌尔声学股份有限公司,"王泽�, 王继宗, 葛连山",2013-10-10,2013-10-10,2014-05-07,2014-05-07,https://patents.google.com/patent/CN203590436U/en,
CN-202617135-U,wireless digital communication system ,歌尔声学股份有限公司,"曾小波, 高强, 王恬, 陈立国, 王重乐, 周靖, 徐小龙, 姜斌斌, 张向东, 孟策, 刘新爱, 张娟",2011-09-30,2011-09-30,2012-12-19,2012-12-19,https://patents.google.com/patent/CN202617135U/en,
CN-203466959-U,Loudspeaker module group ,歌尔声学股份有限公司,"朱婷, 刘光磊, 许超",2013-09-18,2013-09-18,2014-03-05,2014-03-05,https://patents.google.com/patent/CN203466959U/en,
CN-204362249-U,Wireless sound system ,歌尔声学股份有限公司,"彭友铭, 张东",2014-12-26,2014-12-26,2015-05-27,2015-05-27,https://patents.google.com/patent/CN204362249U/en,
US-2016073201-A1,Tablet Woofer ,Goertek Inc.,"Chao Jiang, Jianbin YANG, Zhi Li, Qijin JIAO",2013-05-08,2013-05-31,2016-03-10,,https://patents.google.com/patent/US20160073201A1/en,https://patentimages.storage.googleapis.com/d9/93/b9/c3318cfada296b/US20160073201A1-20160310-D00000.png
CN-202488706-U,Micro-electromechanical system (MEMS) microphone ,歌尔声学股份有限公司,"宋青林, 潘昕",2012-03-06,2012-03-06,2012-10-10,2012-10-10,https://patents.google.com/patent/CN202488706U/en,
CN-202841449-U,Speaker Module ,歌尔声学股份有限公司,"曲红菊, 石华",2012-10-17,2012-10-17,2013-03-27,2013-03-27,https://patents.google.com/patent/CN202841449U/en,
CN-203566086-U,Cable arrangement tool used for middle stripping of mini coaxial cables ,歌尔声学股份有限公司,"王景岳, 尹玉田, 考锡森",2013-08-22,2013-08-22,2014-04-30,2014-04-30,https://patents.google.com/patent/CN203566086U/en,
CN-204342027-U,Automatic material loading and unloading device ,歌尔声学股份有限公司,刘云海,2014-12-13,2014-12-13,2015-05-20,2015-05-20,https://patents.google.com/patent/CN204342027U/en,
CN-201323652-Y,Silicon condenser microphone ,歌尔声学股份有限公司,"宋锐锋, 宋青林, 庞胜利, 谷芳辉",2008-12-13,2008-12-13,2009-10-07,2009-10-07,https://patents.google.com/patent/CN201323652Y/en,
CN-204464255-U,Packaging structure of integrated sensor ,歌尔声学股份有限公司,"端木鲁玉, 张俊德, 宋青林",2015-04-16,2015-04-16,2015-07-08,2015-07-08,https://patents.google.com/patent/CN204464255U/en,
CN-203366368-U,Controlled NFC (Near Field Communication) tag ,歌尔声学股份有限公司,"刘洋, 陈立国, 徐小龙",2013-08-07,2013-08-07,2013-12-25,2013-12-25,https://patents.google.com/patent/CN203366368U/en,
CN-203167245-U,Audio processing circuit and earphone ,青岛歌尔声学科技有限公司,"韩盈盈, 吴凡",2013-02-07,2013-02-07,2013-08-28,2013-08-28,https://patents.google.com/patent/CN203167245U/en,
CN-202535531-U,Micro speaker ,歌尔声学股份有限公司,"刘光磊, 宁尚磊, 李运海",2012-03-31,2012-03-31,2012-11-14,2012-11-14,https://patents.google.com/patent/CN202535531U/en,
US-8693712-B2,Condenser microphone ,Goertek Inc.,"Weihua Sun, Wenbin Wei, Rongguo Yao, Xianbin Wang, Maoqiang Dang",2008-12-23,2009-12-22,2014-04-08,2014-04-08,https://patents.google.com/patent/US8693712B2/en,https://patentimages.storage.googleapis.com/81/e9/c6/01d11daf66e51c/US08693712-20140408-D00000.png
CN-104765149-A,Head-mounted displayer ,青岛歌尔声学科技有限公司,"郭宁, 李晓东",2015-03-18,2015-03-18,2015-07-08,,https://patents.google.com/patent/CN104765149A/en,
CN-104772992-A,Unified control method and system for bar code printing equipment ,歌尔声学股份有限公司,"王剑龙, 刘凯凯, 焦玉乾, 刘宏, 张广平, 宋永国",2015-03-31,2015-03-31,2015-07-15,,https://patents.google.com/patent/CN104772992A/en,
CN-103280765-A,Overvoltage protection circuit ,青岛歌尔声学科技有限公司,"邓雪冰, 杜洋, 林大鹏, 曾利民",2013-06-05,2013-06-05,2013-09-04,,https://patents.google.com/patent/CN103280765A/en,
CN-102841720-A,Electronic product with touch control structure and method for implementing touch control ,歌尔声学股份有限公司,"余光洪, 邵明保, 殷海军, 罗海鹏",2012-09-20,2012-09-20,2012-12-26,,https://patents.google.com/patent/CN102841720A/en,
CN-103987200-A,Stripping type stiffening plate false sticking machine ,歌尔声学股份有限公司,"王文涛, 房继斌, 赵鹏",2014-06-03,2014-06-03,2014-08-13,,https://patents.google.com/patent/CN103987200A/en,
CN-104503584-A,Head-mounted touch display device ,青岛歌尔声学科技有限公司,"郭宁, 李晓东",2014-12-31,2014-12-31,2015-04-08,,https://patents.google.com/patent/CN104503584A/en,
CN-103475968-A,Earphone ,歌尔声学股份有限公司,"赵燕鹏, 陈起高, 徐江涛",2013-08-26,2013-08-26,2013-12-25,,https://patents.google.com/patent/CN103475968A/en,
CN-104900081-A,Vehicle-mounted head-up display equipment and information processing method and device thereof ,青岛歌尔声学科技有限公司,许家栋,2015-05-22,2015-05-22,2015-09-09,,https://patents.google.com/patent/CN104900081A/en,
CN-104808341-A,Head-wearing virtual reality equipment ,青岛歌尔声学科技有限公司,张锋,2015-04-09,2015-04-09,2015-07-29,,https://patents.google.com/patent/CN104808341A/en,
CN-104065930-A,Vision aid method and vision aid device integrating camera module and optical sensor ,青岛歌尔声学科技有限公司,邓雪冰,2014-06-30,2014-06-30,2014-09-24,,https://patents.google.com/patent/CN104065930A/en,
CN-103698640-A,Intelligent charging detection circuit and movable power supply ,青岛歌尔声学科技有限公司,"郭建光, 陈小艳",2013-12-31,2013-12-31,2014-04-02,,https://patents.google.com/patent/CN103698640A/en,
CN-103488301-A,Projection keyboard type device ,潍坊歌尔电子有限公司,"毕龙涛, 胡明辉",2013-09-30,2013-09-30,2014-01-01,,https://patents.google.com/patent/CN103488301A/en,
CN-103686548-A,Loudspeaker diaphragm and manufacturing method thereof ,歌尔声学股份有限公司,"江超, 杨健斌",2013-12-10,2013-12-10,2014-03-26,,https://patents.google.com/patent/CN103686548A/en,
CN-103269471-A,Flat plate type bass loudspeaker and electronic device where flat plate type bass loudspeaker is applied ,歌尔声学股份有限公司,"江超, 杨健斌, 李志�, 焦其金",2013-05-08,2013-05-08,2013-08-28,,https://patents.google.com/patent/CN103269471A/en,
CN-102883251-A,Loudspeaker device and method for manufacturing same ,歌尔声学股份有限公司,"郭晓冬, 戴志干",2012-09-28,2012-09-28,2013-01-16,,https://patents.google.com/patent/CN102883251A/en,
CN-103760628-A,"Lens, camera lens with lens and head-wearing displayer ",青岛歌尔声学科技有限公司,"杨春, 赵博刚, 董冰, 周宏伟",2013-12-24,2013-12-24,2014-04-30,,https://patents.google.com/patent/CN103760628A/en,
CN-102955479-A,Running control device for television camera ,歌尔声学股份有限公司,"梁波, 郄勇, 潘俊杰",2012-10-25,2012-10-25,2013-03-06,,https://patents.google.com/patent/CN102955479A/en,
CN-104536129-A,"Micro-display eye lens, head-mounted eye lens system and head-mounted visual equipment ",青岛歌尔声学科技有限公司,"王元鹏, 杨春",2014-12-17,2014-12-17,2015-04-22,,https://patents.google.com/patent/CN104536129A/en,
CN-105516870-A,Speaker Module ,歌尔声学股份有限公司,"韩丹, 霍新祥, 杨赟",2016-02-29,2016-02-29,2016-04-20,,https://patents.google.com/patent/CN105516870A/en,
CN-104814576-A,Watch capable of adjusting length of watch strap and watch strap length adjustment method ,青岛歌尔声学科技有限公司,李长顺,2015-04-23,2015-04-23,2015-08-05,,https://patents.google.com/patent/CN104814576A/en,
CN-104570355-A,Adjustable head-mounted displayer ,青岛歌尔声学科技有限公司,"陈锦灿, 刘敏",2015-01-19,2015-01-19,2015-04-29,,https://patents.google.com/patent/CN104570355A/en,
CN-102789178-A,"Electronic product capable of automatically powering on or powering off, and method for realizing automatic powering on or powering off of electronic product ",歌尔声学股份有限公司,"于大超, 叶鑫, 李瑞波, 郄勇",2012-08-17,2012-08-17,2012-11-21,,https://patents.google.com/patent/CN102789178A/en,
CN-102595293-A,Micro-electromechanical system (MEMS) microphone and packaging method thereof ,歌尔声学股份有限公司,"宋青林, 庞胜利, 谷芳辉",2011-01-11,2011-01-11,2012-07-18,,https://patents.google.com/patent/CN102595293A/en,
CN-103209373-A,Speaker module and production method thereof ,歌尔声学股份有限公司,"邵明辉, 陈钢, 许超",2013-04-16,2013-04-16,2013-07-17,,https://patents.google.com/patent/CN103209373A/en,
CN-105142074-A,Speaker Module ,歌尔声学股份有限公司,曹晓东,2015-08-19,2015-08-19,2015-12-09,,https://patents.google.com/patent/CN105142074A/en,
CN-102540521-A,System and method for testing transmittance of liquid crystal display (LCD) panel ,歌尔声学股份有限公司,韩盈盈,2012-03-08,2012-03-08,2012-07-04,,https://patents.google.com/patent/CN102540521A/en,
CN-104052108-A,Circuit and method for power supply of electronic device and electronic device ,青岛歌尔声学科技有限公司,"王芬清, 郄勇, 叶鑫",2014-05-23,2014-05-23,2014-09-17,,https://patents.google.com/patent/CN104052108A/en,
CN-104323763-A,Method for reminding user of resting and wearable equipment capable of reminding user of resting ,青岛歌尔声学科技有限公司,温晓峰,2014-10-23,2014-10-23,2015-02-04,,https://patents.google.com/patent/CN104323763A/en,
CN-104090354-A,Chromatic-aberration-free wide-angle internally-focusing lens for head device and head device ,青岛歌尔声学科技有限公司,"王元鹏, 杨春",2014-06-28,2014-06-28,2014-10-08,,https://patents.google.com/patent/CN104090354A/en,
CN-103488979-A,Multifunctional electronic equipment based on fingerprint recognition ,潍坊歌尔电子有限公司,许海柱,2013-09-30,2013-09-30,2014-01-01,,https://patents.google.com/patent/CN103488979A/en,
CN-102457632-A,Echo cancellation method for multiple incoming sides ,歌尔声学股份有限公司,"刘崧, 楼厦厦",2011-12-29,2011-12-29,2012-05-16,,https://patents.google.com/patent/CN102457632A/en,
CN-103024632-A,Noise reduction device of earphone ,青岛歌尔声学科技有限公司,"蔡永桂, 黄建",2012-12-30,2012-12-30,2013-04-03,,https://patents.google.com/patent/CN103024632A/en,
CN-103557421-A,Staged magnet positioning device and camera provided with same ,青岛歌尔声学科技有限公司,刘晓东,2013-10-29,2013-10-29,2014-02-05,,https://patents.google.com/patent/CN103557421A/en,
CN-1968547-A,Silicon microphones ,青岛歌尔电子有限公司,"宋青林, 乔峰, 梅嘉欣",2005-11-18,2005-11-18,2007-05-23,,https://patents.google.com/patent/CN1968547A/en,
CN-102348151-A,"Noise eliminating system and method, intelligent control method and device, and communication equipment ",歌尔声学股份有限公司,"刘崧, 楼厦厦, 赵剑",2011-09-10,2011-09-10,2012-02-08,,https://patents.google.com/patent/CN102348151A/en,
CN-102625226-A,Assembling method for mini-size loudspeaker assembly ,歌尔声学股份有限公司,"李生平, 牟宗君, 许超",2012-04-07,2012-04-07,2012-08-01,,https://patents.google.com/patent/CN102625226A/en,
CN-103660715-A,Writing pen ,青岛歌尔声学科技有限公司,王学武,2013-11-18,2013-11-18,2014-03-26,,https://patents.google.com/patent/CN103660715A/en,
CN-102740020-A,"Control method of plasma television, Bluetooth touch pen and plasma television ",歌尔声学股份有限公司,"王飞, 郭衡江, 高强",2012-05-28,2012-05-28,2012-10-17,,https://patents.google.com/patent/CN102740020A/en,
CN-102802100-A,Speaker module ,歌尔声学股份有限公司,"王建建, 张志兵, 范双双, 邵明辉, 牟宗君, 许超, 陈钢",2012-08-25,2012-08-25,2012-11-28,,https://patents.google.com/patent/CN102802100A/en,
CN-104635340-A,Wearing-type display ,青岛歌尔声学科技有限公司,"李晓东, 郭宁, 张锋",2014-12-31,2015-02-11,2015-05-20,,https://patents.google.com/patent/CN104635340A/en,
CN-103235492-A,PCB and film alignment device ,歌尔声学股份有限公司,"苏斌, 贺文佳, 于浩, 于涛, 徐友瑞, 王克生",2013-03-30,2013-03-30,2013-08-07,,https://patents.google.com/patent/CN103235492A/en,
CN-102387326-A,"Method, system and equipment for watching different pictures simultaneously on same screen ",歌尔声学股份有限公司,"姜斌斌, 孟策, 王重乐, 高强",2011-09-28,2011-09-28,2012-03-21,,https://patents.google.com/patent/CN102387326A/en,
CN-105184325-A,Human body action recognition method and mobile intelligent terminal ,歌尔声学股份有限公司,苏鹏程,2015-09-23,2015-09-23,2015-12-23,,https://patents.google.com/patent/CN105184325A/en,
CN-103281665-A,Method for assembling non-metallic flexible net at sound holes of acoustic device ,歌尔声学股份有限公司,杜红伟,2013-05-10,2013-05-10,2013-09-04,,https://patents.google.com/patent/CN103281665A/en,
CN-104191547-A,Processing technique of core inserts and cavity inserts ,歌尔声学股份有限公司,"石丁宇, 杜培霞, 黄大勇",2014-08-09,2014-08-09,2014-12-10,,https://patents.google.com/patent/CN104191547A/en,
CN-203840523-U,Speaker Module ,歌尔声学股份有限公司,"赵国栋, 张�成, 蔡晓东",2014-04-25,2014-04-25,2014-09-17,2014-09-17,https://patents.google.com/patent/CN203840523U/en,
CN-203187080-U,Conveying device capable of adjusting distances among materials ,歌尔声学股份有限公司,靳习永,2013-03-09,2013-03-09,2013-09-11,2013-09-11,https://patents.google.com/patent/CN203187080U/en,
CN-203435257-U,Binding belt of wearable electronic equipment and wearable electronic equipment ,青岛歌尔声学科技有限公司,"张锋, 李克, 郭宁, 王林",2013-08-12,2013-08-12,2014-02-12,2014-02-12,https://patents.google.com/patent/CN203435257U/en,
CN-204206434-U,Audio processing circuit used for eliminating earphone plugging noise and line control earphone ,青岛歌尔声学科技有限公司,李卫国,2014-12-04,2014-12-04,2015-03-11,2015-03-11,https://patents.google.com/patent/CN204206434U/en,
CN-202353417-U,Minitype vibration motor ,歌尔声学股份有限公司,"夏伟, 杨华新, 杨鑫峰",2011-11-26,2011-11-26,2012-07-25,2012-07-25,https://patents.google.com/patent/CN202353417U/en,
CN-202677011-U,System for testing transmittance of liquid crystal display (LCD) panel ,歌尔声学股份有限公司,韩盈盈,2012-03-08,2012-03-08,2013-01-16,2013-01-16,https://patents.google.com/patent/CN202677011U/en,
CN-205485661-U,Intelligent terminal's sense of touch vibration control system ,歌尔声学股份有限公司,"李波, 冯勇强, 楼厦厦",2015-12-31,2015-12-31,2016-08-17,2016-08-17,https://patents.google.com/patent/CN205485661U/en,
CN-203699314-U,Material front-back side identification mechanism for vibration feeding system ,歌尔声学股份有限公司,刘兴春,2013-12-31,2013-12-31,2014-07-09,2014-07-09,https://patents.google.com/patent/CN203699314U/en,
CN-203708470-U,Mini loudspeaker ,歌尔声学股份有限公司,"陈钢, 张志兵, 刘李勇",2013-12-26,2013-12-26,2014-07-09,2014-07-09,https://patents.google.com/patent/CN203708470U/en,
CN-202068567-U,Bass loudspeaker ,歌尔声学股份有限公司,"刘春发, 张成飞, 王建建, 葛连山",2011-05-31,2011-05-31,2011-12-07,2011-12-07,https://patents.google.com/patent/CN202068567U/en,
CN-203243506-U,Voice reverberation reducing device based on two microphones ,歌尔声学股份有限公司,"楼厦厦, 李波, 黄秋晨",2012-12-12,2012-12-12,2013-10-16,2013-10-16,https://patents.google.com/patent/CN203243506U/en,
CN-203242856-U,USB connector and electronic product ,歌尔声学股份有限公司,李进保,2013-04-17,2013-04-17,2013-10-16,2013-10-16,https://patents.google.com/patent/CN203242856U/en,
CN-203250105-U,A camera module testing apparatus ,青岛歌尔声学科技有限公司,"柳勋, 郄勇",2013-05-22,2013-05-22,2013-10-23,2013-10-23,https://patents.google.com/patent/CN203250105U/en,
CN-204014062-U,Terminal with audio communication function ,歌尔声学股份有限公司,"刘拓, 赵剑",2014-08-01,2014-08-01,2014-12-10,2014-12-10,https://patents.google.com/patent/CN204014062U/en,
CN-202937555-U,Self-locking rotary position device ,歌尔声学股份有限公司,"梁海松, 温玉洛, 刘敏, 王金伟",2012-09-25,2012-09-25,2013-05-15,2013-05-15,https://patents.google.com/patent/CN202937555U/en,
CN-202261773-U,"Noise-removing system, intelligent control device and communication equipment ",歌尔声学股份有限公司,"刘崧, 楼厦厦, 赵剑",2011-09-10,2011-09-10,2012-05-30,2012-05-30,https://patents.google.com/patent/CN202261773U/en,
CN-202799150-U,Work state detecting device for channel selecting pin of digital microphone ,歌尔声学股份有限公司,吴安生,2012-04-28,2012-04-28,2013-03-13,2013-03-13,https://patents.google.com/patent/CN202799150U/en,
CN-203618121-U,Loudspeaker module ,歌尔声学股份有限公司,"王新, 曲红菊",2013-12-11,2013-12-11,2014-05-28,2014-05-28,https://patents.google.com/patent/CN203618121U/en,
CN-203407016-U,Micro-electro-mechanic system (MEMS) microphone ,歌尔声学股份有限公司,"庞胜利, 解士翔",2013-08-22,2013-08-22,2014-01-22,2014-01-22,https://patents.google.com/patent/CN203407016U/en,
CN-204989649-U,Bandage locking mechanism ,青岛歌尔声学科技有限公司,李庚�,2015-09-15,2015-09-15,2016-01-20,2016-01-20,https://patents.google.com/patent/CN204989649U/en,
CN-204881958-U,Accurate difference capacitanc MEMS pressure sensor ,歌尔声学股份有限公司,郑国光,2015-05-29,2015-05-29,2015-12-16,2015-12-16,https://patents.google.com/patent/CN204881958U/en,
CN-204231648-U,Speaker Module ,歌尔声学股份有限公司,"张志兵, 陈钢",2014-11-28,2014-11-28,2015-03-25,2015-03-25,https://patents.google.com/patent/CN204231648U/en,
CN-201063851-Y,Girder-like diaphragm and the composed microphone chip thereof ,歌尔声学股份有限公司,"刘同庆, 宋青林, 庞胜利, 陶永春",2007-06-06,2007-06-06,2008-05-21,2008-05-21,https://patents.google.com/patent/CN201063851Y/en,
CN-203193895-U,Mems microphone ,歌尔声学股份有限公司,"庞胜利, 刘诗婧",2013-04-20,2013-04-20,2013-09-11,2013-09-11,https://patents.google.com/patent/CN203193895U/en,
CN-204188169-U,Micro-electro-mechanical deformable structure and three-axis multi-freedom-degree micro-electro-mechanical gyroscope ,歌尔声学股份有限公司,张廷凯,2014-11-27,2014-11-27,2015-03-04,2015-03-04,https://patents.google.com/patent/CN204188169U/en,
CN-201425837-Y,Portable acoustic frequency replay device ,北京歌尔泰克科技有限公司,"姜朋欣, 张向东, 超 江, 赵燕鹏, 旋 钟",2008-11-12,2009-05-27,2010-03-17,2010-03-17,https://patents.google.com/patent/CN201425837Y/en,
CN-202019450-U,Micro-electromechanical system (MEMS) microphone ,歌尔声学股份有限公司,"宋青林, 端木鲁玉, 谷芳辉",2011-04-11,2011-04-11,2011-10-26,2011-10-26,https://patents.google.com/patent/CN202019450U/en,
CN-204206437-U,Tweeter ,歌尔声学股份有限公司,"刘崧, 刘一韬",2014-10-30,2014-10-30,2015-03-11,2015-03-11,https://patents.google.com/patent/CN204206437U/en,
CN-203135124-U,Earphone socket and earphone noise reduction device ,青岛歌尔声学科技有限公司,"蔡永桂, 黄建",2012-12-30,2012-12-30,2013-08-14,2013-08-14,https://patents.google.com/patent/CN203135124U/en,
CN-203984668-U,Loudspeaker module set ,歌尔声学股份有限公司,"李兆鹏, 宋学平, 刘华伟",2014-07-17,2014-07-17,2014-12-03,2014-12-03,https://patents.google.com/patent/CN203984668U/en,
CN-203340256-U,Headphone ,歌尔声学股份有限公司,"刘崧, 赵剑",2013-05-22,2013-05-22,2013-12-11,2013-12-11,https://patents.google.com/patent/CN203340256U/en,
CN-204091160-U,Intelligent bracelet ,青岛歌尔声学科技有限公司,禹永海,2014-09-19,2014-09-19,2015-01-14,2015-01-14,https://patents.google.com/patent/CN204091160U/en,
CN-204575970-U,Head-mounted display ,青岛歌尔声学科技有限公司,"郭宁, 宫见棠, 李晓东",2015-03-18,2015-03-18,2015-08-19,2015-08-19,https://patents.google.com/patent/CN204575970U/en,
CN-203301682-U,Loudspeaker module ,歌尔声学股份有限公司,"范双双, 陈钢, 韩丹, 杨赟",2013-05-10,2013-05-10,2013-11-20,2013-11-20,https://patents.google.com/patent/CN203301682U/en,
CN-203618118-U,Loudspeaker module ,歌尔声学股份有限公司,"王新, 刘一韬",2013-12-09,2013-12-09,2014-05-28,2014-05-28,https://patents.google.com/patent/CN203618118U/en,
CN-203324738-U,Low-quiescent current level switching circuit and electronic equipment provided therewith ,青岛歌尔声学科技有限公司,"韩盈盈, 吴凡",2013-07-12,2013-07-12,2013-12-04,2013-12-04,https://patents.google.com/patent/CN203324738U/en,
CN-203279157-U,Flatbed woofer and electronic device applying the flatbed woofer ,歌尔声学股份有限公司,"江超, 杨健斌, 李志�, 焦其金",2013-05-08,2013-05-08,2013-11-06,2013-11-06,https://patents.google.com/patent/CN203279157U/en,
CN-201860448-U,Condenser microphone chip ,歌尔声学股份有限公司,"宋青林, 潘昕, 隋鸿鹏",2010-05-12,2010-08-18,2011-06-08,2011-06-08,https://patents.google.com/patent/CN201860448U/en,
CN-201479339-U,Microphone wind-noise reduction installation device ,歌尔声学股份有限公司;青岛歌尔声学科技有限公司,"张达, 王俊理, 邵明保",2009-08-18,2009-08-18,2010-05-19,2010-05-19,https://patents.google.com/patent/CN201479339U/en,
CN-203193869-U,Miniature loudspeaker ,歌尔声学股份有限公司,"杨健斌, 江超",2013-03-19,2013-03-19,2013-09-11,2013-09-11,https://patents.google.com/patent/CN203193869U/en,
CN-204498369-U,Voice coil and loudspeaker provided with voice coil ,歌尔声学股份有限公司,"邵明辉, 杨健斌",2015-03-31,2015-03-31,2015-07-22,2015-07-22,https://patents.google.com/patent/CN204498369U/en,
CN-201657302-U,Moving coil type acoustic generator ,歌尔声学股份有限公司,"刘春发, 葛连山",2010-04-27,2010-04-27,2010-11-24,2010-11-24,https://patents.google.com/patent/CN201657302U/en,
CN-203027479-U,Piezoelectric speaker ,歌尔声学股份有限公司,"杨健斌, 焦其金, 江超, 李志�",2012-12-20,2012-12-20,2013-06-26,2013-06-26,https://patents.google.com/patent/CN203027479U/en,
CN-204546860-U,Processing tool of thimble ,歌尔声学股份有限公司,"黄大勇, 杜培霞, 狄纪生",2015-04-23,2015-04-23,2015-08-12,2015-08-12,https://patents.google.com/patent/CN204546860U/en,
CN-203708464-U,Loudspeaker module group ,歌尔声学股份有限公司,"邵明辉, 张志兵, 陈钢, 杨健斌",2013-11-18,2013-11-18,2014-07-09,2014-07-09,https://patents.google.com/patent/CN203708464U/en,
CN-204679526-U,Detect with location frock ,歌尔声学股份有限公司,"王宝生, 乜利霞",2015-05-27,2015-05-27,2015-09-30,2015-09-30,https://patents.google.com/patent/CN204679526U/en,
CN-202721750-U,Liquid crystal display television ,歌尔声学股份有限公司,"罗太平, 谭树民, 段其民",2012-06-20,2012-06-20,2013-02-06,2013-02-06,https://patents.google.com/patent/CN202721750U/en,
CN-201846474-U,Silicon Microphone ,歌尔声学股份有限公司,"宋青林, 庞胜利, 谷芳辉",2010-10-12,2010-10-12,2011-05-25,2011-05-25,https://patents.google.com/patent/CN201846474U/en,
CN-203588890-U,Electronic terminal product touch key structure and remote controller ,青岛歌尔声学科技有限公司,"吴国梁, 金在权, 刘阿仕, 孙哲敏, 李金玉",2013-11-13,2013-11-13,2014-05-07,2014-05-07,https://patents.google.com/patent/CN203588890U/en,
CN-203734721-U,Multifunctional gamepad ,青岛歌尔声学科技有限公司,张健,2013-12-13,2013-12-13,2014-07-23,2014-07-23,https://patents.google.com/patent/CN203734721U/en,
CN-205554564-U,Single -axis aircraft ,歌尔科技有限公司,蔡忠育,2015-12-31,2015-12-31,2016-09-07,2016-09-07,https://patents.google.com/patent/CN205554564U/en,
CN-203851283-U,Loudspeaker diaphragm assembly ,歌尔声学股份有限公司,"张军, 张成飞",2014-04-21,2014-04-21,2014-09-24,2014-09-24,https://patents.google.com/patent/CN203851283U/en,
CN-204188868-U,Wide-angle camera lens ,青岛歌尔声学科技有限公司,杨春,2014-09-22,2014-09-22,2015-03-04,2015-03-04,https://patents.google.com/patent/CN204188868U/en,
CN-203289616-U,Self-adaptive earlap structure of headset ,青岛歌尔声学科技有限公司,袁国涛,2013-05-24,2013-05-24,2013-11-13,2013-11-13,https://patents.google.com/patent/CN203289616U/en,
CN-201374752-Y,Bidirectional sound separating and collecting device of telephone ,北京歌尔泰克科技有限公司,"吴凤梁, 张向东",2008-12-09,2008-12-09,2009-12-30,2009-12-30,https://patents.google.com/patent/CN201374752Y/en,
CN-202696843-U,Headphone ,歌尔声学股份有限公司,"王辉, 罗志平",2012-05-15,2012-05-15,2013-01-23,2013-01-23,https://patents.google.com/patent/CN202696843U/en,
US-2015245321-A1,Method And System For Self-Adaptively Transmitting Communication Signals ,"Goertek, Inc.","Binbin Jiang, Xin'ai Liu, Chongle Wang",2012-02-27,2013-02-27,2015-08-27,,https://patents.google.com/patent/US20150245321A1/en,https://patentimages.storage.googleapis.com/4e/25/5c/7901bbae95cb07/US20150245321A1-20150827-D00000.png
CN-202663534-U,Loudspeaker ,歌尔声学股份有限公司,"王健健, 葛连山, 杨鑫峰, 江超",2012-04-28,2012-04-28,2013-01-09,2013-01-09,https://patents.google.com/patent/CN202663534U/en,
CN-202949565-U,Vibration loudspeaker ,歌尔声学股份有限公司,"董文强, 杨华新, 李淑刚, 杨鑫峰",2012-12-14,2012-12-14,2013-05-22,2013-05-22,https://patents.google.com/patent/CN202949565U/en,
CN-203691623-U,Double magnetic circuit electromagnetic loudspeaker ,歌尔声学股份有限公司,"郭翔, 张成飞",2013-12-26,2013-12-26,2014-07-02,2014-07-02,https://patents.google.com/patent/CN203691623U/en,
CN-203634806-U,Electronic equipment support and multifunctional joystick provided with same ,青岛歌尔声学科技有限公司,"汪红琴, 李克, 邵光智, 原龙",2013-12-28,2013-12-28,2014-06-11,2014-06-11,https://patents.google.com/patent/CN203634806U/en,
CN-205178828-U,A linear vibration motor ,歌尔声学股份有限公司,"刘春发, 祖峰磊",2015-11-25,2015-11-25,2016-04-20,2016-04-20,https://patents.google.com/patent/CN205178828U/en,
CN-202486433-U,Bluetooth 3D spectacles ,歌尔声学股份有限公司,"吴凡, 林振翠, 韩盈盈",2012-03-05,2012-03-05,2012-10-10,2012-10-10,https://patents.google.com/patent/CN202486433U/en,
CN-203301720-U,Vibration system of loudspeaker ,歌尔声学股份有限公司,"杨健斌, 宋倩倩, 江超",2013-05-18,2013-05-18,2013-11-20,2013-11-20,https://patents.google.com/patent/CN203301720U/en,
CN-202796042-U,Voice recognition system ,歌尔声学股份有限公司,"王平平, 郄勇",2012-08-15,2012-08-15,2013-03-13,2013-03-13,https://patents.google.com/patent/CN202796042U/en,
CN-203705875-U,One-button multifunctional control circuit and wearable electronic product ,青岛歌尔声学科技有限公司,"韩盈盈, 陈磊, 李长顺",2014-02-25,2014-02-25,2014-07-09,2014-07-09,https://patents.google.com/patent/CN203705875U/en,
CN-204036454-U,Single-axis mechanical arm ,歌尔声学股份有限公司,"董旭日, 闫向东, 唐洪刚",2014-07-30,2014-07-30,2014-12-24,2014-12-24,https://patents.google.com/patent/CN204036454U/en,
CN-201995123-U,Miniature moving coil type electroacoustic transducer and electronic device applying same ,歌尔声学股份有限公司,"杨健斌, 江超, 邵明辉",2011-02-26,2011-02-26,2011-09-28,2011-09-28,https://patents.google.com/patent/CN201995123U/en,
CN-202679623-U,Mems microphones ,歌尔声学股份有限公司,"宋青林, 潘昕",2012-05-25,2012-05-25,2013-01-16,2013-01-16,https://patents.google.com/patent/CN202679623U/en,
CN-202940879-U,Built-in camera ,歌尔声学股份有限公司,"李金玉, 张忠华, 公平, 孙哲敏, 豆社安",2012-10-17,2012-10-17,2013-05-15,2013-05-15,https://patents.google.com/patent/CN202940879U/en,
CN-204316717-U,System for automatically adjusting sound field distribution in automobile ,歌尔声学股份有限公司,"江超, 杨健斌, 李志�",2014-09-01,2014-09-01,2015-05-06,2015-05-06,https://patents.google.com/patent/CN204316717U/en,
CN-202957933-U,3D video communication device ,歌尔声学股份有限公司,"郝晋英, 郑勇, 夏春水, 周亚楠",2012-10-12,2012-10-12,2013-05-29,2013-05-29,https://patents.google.com/patent/CN202957933U/en,
CN-204205054-U,Structure using terminal receiver as antenna ,歌尔声学股份有限公司,"刘洪涛, 梁榜, 张成飞",2014-10-13,2014-10-13,2015-03-11,2015-03-11,https://patents.google.com/patent/CN204205054U/en,
CN-204700600-U,Rotary positioning apparatus ,歌尔声学股份有限公司,"张国涛, 苏斌",2015-06-10,2015-06-10,2015-10-14,2015-10-14,https://patents.google.com/patent/CN204700600U/en,
US-2013243219-A1,Wireless digital communication method and system ,Goertek Inc,"Xiaobo Zeng, Qiang Gao, Chongle Wang",2011-09-30,2012-09-28,2013-09-19,,https://patents.google.com/patent/US20130243219A1/en,https://patentimages.storage.googleapis.com/5f/ba/e9/f758cd71d08e8b/US20130243219A1-20130919-D00000.png
CN-205554581-U,Aircraft ,歌尔科技有限公司,蔡忠育,2015-12-31,2015-12-31,2016-09-07,2016-09-07,https://patents.google.com/patent/CN205554581U/en,
CN-204463032-U,System for inputting gestures in 3D scene and virtual reality headset device ,青岛歌尔声学科技有限公司,"姜茂山, 徐国庆, 周宏伟",2014-12-30,2014-12-30,2015-07-08,2015-07-08,https://patents.google.com/patent/CN204463032U/en,
CN-203984671-U,Speaker Module ,歌尔声学股份有限公司,"刘光磊, 邵明辉, 杨健斌",2014-07-24,2014-07-24,2014-12-03,2014-12-03,https://patents.google.com/patent/CN203984671U/en,
CN-200969679-Y,Electret microphone ,潍坊歌尔电子有限公司,王显彬,2006-10-18,2006-10-18,2007-10-31,2007-10-31,https://patents.google.com/patent/CN200969679Y/en,
CN-203276381-U,Bluetooth facial recognition safe box ,青岛歌尔声学科技有限公司,柳勋,2013-04-28,2013-04-28,2013-11-06,2013-11-06,https://patents.google.com/patent/CN203276381U/en,
CN-202268861-U,Switching circuit ,歌尔声学股份有限公司,"刘忠远, 周靖, 姜斌斌, 徐小龙, 陈立国",2011-10-21,2011-10-21,2012-06-06,2012-06-06,https://patents.google.com/patent/CN202268861U/en,
CN-204046810-U,Loudspeaker module ,歌尔声学股份有限公司,"张军, 张成飞",2014-09-01,2014-09-01,2014-12-24,2014-12-24,https://patents.google.com/patent/CN204046810U/en,
CN-203384722-U,LED (light-emitting diode) bulb lamp ,歌尔声学股份有限公司,"安国顺, 解立明",2013-07-19,2013-07-19,2014-01-08,2014-01-08,https://patents.google.com/patent/CN203384722U/en,
CN-201986137-U,Micro moving-coil electroacoustic converter ,歌尔声学股份有限公司,"刘春发, 郭晓冬",2011-01-26,2011-01-26,2011-09-21,2011-09-21,https://patents.google.com/patent/CN201986137U/en,
CN-202085303-U,Silicon microphone ,歌尔声学股份有限公司,"王显彬, 王顺",2011-05-27,2011-05-27,2011-12-21,2011-12-21,https://patents.google.com/patent/CN202085303U/en,
CN-203301721-U,Loudspeaker diaphragm ,歌尔声学股份有限公司,"杨健斌, 宋倩倩, 江超",2013-05-18,2013-05-18,2013-11-20,2013-11-20,https://patents.google.com/patent/CN203301721U/en,
CN-202795383-U,Device and system for protecting data ,歌尔声学股份有限公司,姜斌斌,2012-01-19,2012-01-19,2013-03-13,2013-03-13,https://patents.google.com/patent/CN202795383U/en,
CN-202353807-U,MEMS (Micro Electro Mechanical System) microphone ,歌尔声学股份有限公司,庞胜利,2011-10-31,2011-10-31,2012-07-25,2012-07-25,https://patents.google.com/patent/CN202353807U/en,
CN-202255770-U,Testing tooling and testing system for air tightness of loudspeaker module ,歌尔声学股份有限公司,"江超, 许超, 赵燕鹏, 韩海云",2011-08-10,2011-08-10,2012-05-30,2012-05-30,https://patents.google.com/patent/CN202255770U/en,
CN-201878319-U,Movable ring type electro-acoustic converter ,歌尔声学股份有限公司,"刘春发, 杨健斌, 葛连山",2010-09-04,2010-09-04,2011-06-22,2011-06-22,https://patents.google.com/patent/CN201878319U/en,
CN-204009457-U,Switching on/off circuit based on PMU and electronic device ,青岛歌尔声学科技有限公司,程飞龙,2014-08-06,2014-08-06,2014-12-10,2014-12-10,https://patents.google.com/patent/CN204009457U/en,
CN-202818782-U,Flexible circuit board support fixture ,歌尔声学股份有限公司,"曾罗坤, 谢峰",2012-08-27,2012-08-27,2013-03-20,2013-03-20,https://patents.google.com/patent/CN202818782U/en,
CN-203193893-U,MEMS (micro-electromechanical systems) microphone ,歌尔声学股份有限公司,"王显彬, 王喆, 宋青林, 庞胜利, 刘诗婧",2013-04-09,2013-04-09,2013-09-11,2013-09-11,https://patents.google.com/patent/CN203193893U/en,
CN-204451535-U,Scraping knife auxiliary cleaning device and scraping knife cleaning device ,歌尔声学股份有限公司,"顾宗伟, 朱军文, 何波涛, 许新刚",2015-02-05,2015-02-05,2015-07-08,2015-07-08,https://patents.google.com/patent/CN204451535U/en,
CN-205375079-U,Dual sensor signal acquisition circuit ,青岛歌尔声学科技有限公司,董坤,2015-12-30,2015-12-30,2016-07-06,2016-07-06,https://patents.google.com/patent/CN205375079U/en,
CN-203851284-U,Loudspeaker module group and electronic device comprising same ,歌尔声学股份有限公司,"戴志干, 伍迪, 李卉昱",2013-12-25,2013-12-25,2014-09-24,2014-09-24,https://patents.google.com/patent/CN203851284U/en,
CN-202798928-U,Pick-up head for terminal equipment ,歌尔声学股份有限公司,"胡明辉, 郎园园, 毕龙涛, 于大超",2012-08-17,2012-08-17,2013-03-13,2013-03-13,https://patents.google.com/patent/CN202798928U/en,
CN-204309740-U,Anti-theft device and system for vehicle ,青岛歌尔声学科技有限公司,"谢运昌, 侯丽伟",2014-10-23,2014-10-23,2015-05-06,2015-05-06,https://patents.google.com/patent/CN204309740U/en,
CN-205175427-U,Environmental sensor ,歌尔声学股份有限公司,"詹竣凯, 蔡孟锦",2015-12-04,2015-12-04,2016-04-20,2016-04-20,https://patents.google.com/patent/CN205175427U/en,
CN-205490071-U,A linear vibration motor ,歌尔声学股份有限公司,"祖峰磊, 刘春发",2016-02-05,2016-02-05,2016-08-17,2016-08-17,https://patents.google.com/patent/CN205490071U/en,
CN-204231647-U,Speaker Module ,歌尔声学股份有限公司,"万领, 石华",2014-11-20,2014-11-20,2015-03-25,2015-03-25,https://patents.google.com/patent/CN204231647U/en,
CN-202957972-U,Micro-electromechanical System (MEMS) chip ,歌尔声学股份有限公司,蔡孟锦,2012-11-23,2012-11-23,2013-05-29,2013-05-29,https://patents.google.com/patent/CN202957972U/en,
CN-202587374-U,Mems microphone chip ,歌尔声学股份有限公司,"蔡孟锦, 孙德波",2012-05-25,2012-05-25,2012-12-05,2012-12-05,https://patents.google.com/patent/CN202587374U/en,
CN-204096565-U,Automatic double clamping jaws and double-station automatic feeding mechanism ,歌尔声学股份有限公司,"钟海鸥, 考锡森, 王双宁",2014-06-30,2014-06-30,2015-01-14,2015-01-14,https://patents.google.com/patent/CN204096565U/en,
CN-204117905-U,Waterproof key and electronic product ,青岛歌尔声学科技有限公司,"王金伟, 温玉洛, 梁海松",2014-07-31,2014-07-31,2015-01-21,2015-01-21,https://patents.google.com/patent/CN204117905U/en,
CN-204964093-U,Difference capacitanc MEMS pressure sensor ,歌尔声学股份有限公司,郑国光,2015-05-29,2015-05-29,2016-01-13,2016-01-13,https://patents.google.com/patent/CN204964093U/en,
CN-203722813-U,Loudspeaker module ,歌尔声学股份有限公司,"张其超, 王新, 田鹏",2014-02-12,2014-02-12,2014-07-16,2014-07-16,https://patents.google.com/patent/CN203722813U/en,
CN-201984809-U,Bluetooth wideband speech processing device ,潍坊歌尔电子有限公司,王良,2011-01-20,2011-01-20,2011-09-21,2011-09-21,https://patents.google.com/patent/CN201984809U/en,
CN-202533866-U,Voice recognition control system ,歌尔声学股份有限公司,"刘新爱, 姜斌斌, 孟策, 曾小波, 王恬, 王重乐, 高强",2011-11-16,2011-11-16,2012-11-14,2012-11-14,https://patents.google.com/patent/CN202533866U/en,
CN-203185175-U,Two-point compressing device ,歌尔声学股份有限公司,"贺文佳, 苏斌",2013-03-30,2013-03-30,2013-09-11,2013-09-11,https://patents.google.com/patent/CN203185175U/en,
CN-203164890-U,Control system and control device ,歌尔声学股份有限公司,"高强, 郭衡江, 王飞",2012-06-07,2012-06-07,2013-08-28,2013-08-28,https://patents.google.com/patent/CN203164890U/en,
CN-202488632-U,Speaker Module ,歌尔声学股份有限公司,"苗青, 许超, 陈刚",2012-02-22,2012-02-22,2012-10-10,2012-10-10,https://patents.google.com/patent/CN202488632U/en,
CN-202738078-U,NFC (near field communication)-based Bluetooth headset ,歌尔声学股份有限公司,"夏晓剑, 夏春水",2012-06-18,2012-06-18,2013-02-13,2013-02-13,https://patents.google.com/patent/CN202738078U/en,
CN-203590447-U,Electroacoustic transducer ,歌尔声学股份有限公司,"伍迪, 刘光磊",2013-11-28,2013-11-28,2014-05-07,2014-05-07,https://patents.google.com/patent/CN203590447U/en,
CN-203579177-U,Bending and assembling device for slim elastic piece of electroacoustic element ,歌尔声学股份有限公司,贾波,2013-11-14,2013-11-14,2014-05-07,2014-05-07,https://patents.google.com/patent/CN203579177U/en,
CN-204463031-U,System for reappearing of objects in 3D scene and virtual reality headset device ,青岛歌尔声学科技有限公司,"姜茂山, 徐国庆, 周宏伟",2014-12-30,2014-12-30,2015-07-08,2015-07-08,https://patents.google.com/patent/CN204463031U/en,
CN-203352782-U,Woofer ,歌尔声学股份有限公司,"姜滨, 江超, 杨健斌",2013-05-29,2013-05-29,2013-12-18,2013-12-18,https://patents.google.com/patent/CN203352782U/en,
CN-202334238-U,Linear vibration motor ,歌尔声学股份有限公司,"夏伟, 杨华新, 杨鑫峰",2011-11-26,2011-11-26,2012-07-11,2012-07-11,https://patents.google.com/patent/CN202334238U/en,
CN-203444234-U,Lens testing device ,歌尔声学股份有限公司,"杨春, 董冰, 王路",2013-06-29,2013-06-29,2014-02-19,2014-02-19,https://patents.google.com/patent/CN203444234U/en,
CN-202488695-U,Miniature speaker ,歌尔声学股份有限公司,"杨鑫峰, 江超, 郭晓冬, 郭翔",2012-03-07,2012-03-07,2012-10-10,2012-10-10,https://patents.google.com/patent/CN202488695U/en,
CN-202488671-U,Vibrating system of minitype loudspeaker ,歌尔声学股份有限公司,"周龙, 江超",2012-02-23,2012-02-23,2012-10-10,2012-10-10,https://patents.google.com/patent/CN202488671U/en,
CN-204906708-U,Loudspeaker module group ,歌尔声学股份有限公司,"韩丹, 杨赟, 霍新祥",2015-09-09,2015-09-09,2015-12-23,2015-12-23,https://patents.google.com/patent/CN204906708U/en,
CN-203696743-U,Thimble grinding fixture for plastic-rubber mold ,歌尔声学股份有限公司,陈龙海,2013-12-25,2013-12-25,2014-07-09,2014-07-09,https://patents.google.com/patent/CN203696743U/en,
CN-202424972-U,Speaker module ,歌尔声学股份有限公司,"牟宗君, 苗青, 许超, 邵明辉, 陈刚",2011-12-30,2011-12-30,2012-09-05,2012-09-05,https://patents.google.com/patent/CN202424972U/en,
CN-201846473-U,Silicon Microphone ,歌尔声学股份有限公司,"宋青林, 庞胜利, 谷芳辉",2010-10-11,2010-10-11,2011-05-25,2011-05-25,https://patents.google.com/patent/CN201846473U/en,
CN-204014067-U,Dynamic balance lamination testing device and testing system applying device ,歌尔声学股份有限公司,赵玉东,2014-07-11,2014-07-11,2014-12-10,2014-12-10,https://patents.google.com/patent/CN204014067U/en,
CN-204304599-U,Power path management circuit ,青岛歌尔声学科技有限公司,林大鹏,2014-12-26,2014-12-26,2015-04-29,2015-04-29,https://patents.google.com/patent/CN204304599U/en,
CN-204442673-U,Polarization-suppressing loudspeaker device ,歌尔声学股份有限公司,"邵明辉, 杨健斌",2015-03-31,2015-03-31,2015-07-01,2015-07-01,https://patents.google.com/patent/CN204442673U/en,
CN-203634809-U,Electronic equipment support and multifunctional joystick provided with same ,青岛歌尔声学科技有限公司,"李克, 邵光智, 原龙, 汪红琴",2013-12-28,2013-12-28,2014-06-11,2014-06-11,https://patents.google.com/patent/CN203634809U/en,
CN-203609851-U,Multifunctional game handle ,青岛歌尔声学科技有限公司,葛晓宇,2013-12-13,2013-12-13,2014-05-28,2014-05-28,https://patents.google.com/patent/CN203609851U/en,
CN-203085747-U,Bluetooth antenna and Bluetooth communication equipment ,青岛歌尔声学科技有限公司,"陈浩, 郄勇, 于大超",2013-01-24,2013-01-24,2013-07-24,2013-07-24,https://patents.google.com/patent/CN203085747U/en,
CN-202587373-U,MEMS (Micro Electronic Mechanical System) microphone chip ,歌尔声学股份有限公司,"蔡孟锦, 孙德波",2012-05-25,2012-05-25,2012-12-05,2012-12-05,https://patents.google.com/patent/CN202587373U/en,
CN-202049290-U,Solar charging three-dimensional glasses ,歌尔声学股份有限公司,"吴凡, 周宏伟, 韩盈盈",2011-03-29,2011-03-29,2011-11-23,2011-11-23,https://patents.google.com/patent/CN202049290U/en,
CN-203787745-U,Piercing type connector full-automatic assembly apparatus ,歌尔声学股份有限公司,"韩海庆, 赵军栋, 左春玉, 侯成海, 张恩强",2014-04-12,2014-04-12,2014-08-20,2014-08-20,https://patents.google.com/patent/CN203787745U/en,
CN-204597105-U,Wearable equipment ,青岛歌尔声学科技有限公司,"陈立超, 周小飞",2015-05-12,2015-05-12,2015-08-26,2015-08-26,https://patents.google.com/patent/CN204597105U/en,
CN-202551345-U,Fixture and system for testing microphone ,歌尔声学股份有限公司,"刘德华, 方瑞学",2012-03-02,2012-03-02,2012-11-21,2012-11-21,https://patents.google.com/patent/CN202551345U/en,
CN-204145698-U,Earphone capable of detecting a heart rate ,歌尔声学股份有限公司,"刘崧, 李波, 李娜",2014-08-25,2014-08-25,2015-02-04,2015-02-04,https://patents.google.com/patent/CN204145698U/en,
CN-203787872-U,Stripping and wire-cutting device ,歌尔声学股份有限公司,"赵军栋, 侯成海",2014-04-08,2014-04-08,2014-08-20,2014-08-20,https://patents.google.com/patent/CN203787872U/en,
CN-204518066-U,Speaker unit and electronic equipment ,歌尔声学股份有限公司,"韩丹, 杨赟",2015-04-13,2015-04-13,2015-07-29,2015-07-29,https://patents.google.com/patent/CN204518066U/en,
CN-203748002-U,Vibration system of loudspeaker ,歌尔声学股份有限公司,"宋倩倩, 江超",2014-03-05,2014-03-05,2014-07-30,2014-07-30,https://patents.google.com/patent/CN203748002U/en,
CN-202679603-U,Micro speaker and electronic device by using micro speaker ,歌尔声学股份有限公司,"李运海, 宁尚磊, 刘光磊",2012-03-31,2012-03-31,2013-01-16,2013-01-16,https://patents.google.com/patent/CN202679603U/en,
CN-203641784-U,Sliding device and head-mounted display ,青岛歌尔声学科技有限公司,"唐云学, 谢智斌, 温玉洛",2013-10-30,2013-10-30,2014-06-11,2014-06-11,https://patents.google.com/patent/CN203641784U/en,
CN-205092752-U,Linear vibrating motor ,歌尔声学股份有限公司,"祖峰磊, 刘春发",2015-09-23,2015-09-23,2016-03-16,2016-03-16,https://patents.google.com/patent/CN205092752U/en,
CN-205450975-U,Keyboard ,青岛歌尔声学科技有限公司,刘家君,2015-12-30,2015-12-30,2016-08-10,2016-08-10,https://patents.google.com/patent/CN205450975U/en,
CN-204007944-U,MEMS sensor ,歌尔声学股份有限公司,"端木鲁玉, 张俊德, 宋青林",2014-05-31,2014-05-31,2014-12-10,2014-12-10,https://patents.google.com/patent/CN204007944U/en,
CN-204705845-U,Wearable electronic equipment ,青岛歌尔声学科技有限公司,"陈磊, 许家栋, 韩盈盈",2015-04-30,2015-04-30,2015-10-14,2015-10-14,https://patents.google.com/patent/CN204705845U/en,
CN-201657279-U,Moving coil type electroacoustic converter ,歌尔声学股份有限公司,"刘春发, 葛连山",2010-05-18,2010-05-18,2010-11-24,2010-11-24,https://patents.google.com/patent/CN201657279U/en,
CN-203027439-U,Headset with pressure-equalizing device ,青岛歌尔声学科技有限公司,林孟钊,2013-01-16,2013-01-16,2013-06-26,2013-06-26,https://patents.google.com/patent/CN203027439U/en,
CN-204724395-U,Gluing device ,歌尔声学股份有限公司,"王斌, 王贵勋",2015-06-23,2015-06-23,2015-10-28,2015-10-28,https://patents.google.com/patent/CN204724395U/en,
CN-202385272-U,Minitype speaker device ,歌尔声学股份有限公司,"张军, 苗青",2011-12-28,2011-12-28,2012-08-15,2012-08-15,https://patents.google.com/patent/CN202385272U/en,
CN-202135034-U,Linear vibration motor ,歌尔声学股份有限公司,"夏伟, 杨华新, 杨鑫峰, 江超",2011-06-27,2011-06-27,2012-02-01,2012-02-01,https://patents.google.com/patent/CN202135034U/en,
CN-204647384-U,Pneumatic valve and speaker ,歌尔声学股份有限公司,"张志兵, 陈钢, 范双双",2015-05-11,2015-05-11,2015-09-16,2015-09-16,https://patents.google.com/patent/CN204647384U/en,
CN-203643943-U,Multifunctional starting circuit and Bluetooth product ,青岛歌尔声学科技有限公司,"程飞龙, 夏春水",2013-12-31,2013-12-31,2014-06-11,2014-06-11,https://patents.google.com/patent/CN203643943U/en,
US-2012136654-A1,Apparatus And Method For Cancelling Echo In Joint Time Domain And Frequency Domain ,Goertek Inc.,"Shasha Lou, Song Liu",2010-01-13,2010-12-22,2012-05-31,,https://patents.google.com/patent/US20120136654A1/en,https://patentimages.storage.googleapis.com/US20120136654A1/US20120136654A1-20120531-D00000.png
CN-201839420-U,Miniature moving coil type electroacoustic transducer ,歌尔声学股份有限公司,"杨健斌, 江超",2010-07-30,2010-07-30,2011-05-18,2011-05-18,https://patents.google.com/patent/CN201839420U/en,
CN-205178827-U,A linear vibration motor ,歌尔声学股份有限公司,"刘春发, 祖峰磊",2015-11-25,2015-11-25,2016-04-20,2016-04-20,https://patents.google.com/patent/CN205178827U/en,
CN-203192017-U,Ring-like cylindrical radio frequency identification device ,歌尔声学股份有限公司,郭湘荣,2013-04-24,2013-04-24,2013-09-11,2013-09-11,https://patents.google.com/patent/CN203192017U/en,
CN-203574834-U,Earphone horn ,青岛歌尔声学科技有限公司,黄维财,2013-11-28,2013-11-28,2014-04-30,2014-04-30,https://patents.google.com/patent/CN203574834U/en,
CN-202050538-U,Loudspeaker ,歌尔声学股份有限公司,"杨健斌, 江超",2011-04-26,2011-04-26,2011-11-23,2011-11-23,https://patents.google.com/patent/CN202050538U/en,
CN-203104129-U,Non-contact power supply equipment ,青岛歌尔声学科技有限公司,"石灵吉, 郑勇, 夏春水, 周亚楠",2012-12-19,2012-12-19,2013-07-31,2013-07-31,https://patents.google.com/patent/CN203104129U/en,
CN-203837616-U,Outer correction machine of mechanical processing machine ,歌尔声学股份有限公司,"田忠胜, 周广森",2014-05-14,2014-05-14,2014-09-17,2014-09-17,https://patents.google.com/patent/CN203837616U/en,
CN-203289615-U,Earplug with shaped matched with ear shape ,青岛歌尔声学科技有限公司,伯龙,2013-05-24,2013-05-24,2013-11-13,2013-11-13,https://patents.google.com/patent/CN203289615U/en,
CN-203288772-U,Novel wire clamp for test ,青岛歌尔声学科技有限公司,"杨兵, 李长顺, 郭宁",2013-06-22,2013-06-22,2013-11-13,2013-11-13,https://patents.google.com/patent/CN203288772U/en,
CN-202841513-U,Loudspeaker unit ,歌尔声学股份有限公司,徐同雁,2012-10-20,2012-10-20,2013-03-27,2013-03-27,https://patents.google.com/patent/CN202841513U/en,
CN-202385248-U,Minitype loudspeaker module ,歌尔声学股份有限公司,"张军, 苗青",2011-12-28,2011-12-28,2012-08-15,2012-08-15,https://patents.google.com/patent/CN202385248U/en,
CN-206072037-U,Rocker of adjustable length ,青岛歌尔声学科技有限公司,"杨彬, 李克, 董�成",2016-07-29,2016-07-29,2017-04-05,2017-04-05,https://patents.google.com/patent/CN206072037U/en,
US-2015237437-A1,Earphone ,Zongbao Hu,Zongbao Hu,2012-01-10,2012-09-11,2015-08-20,,https://patents.google.com/patent/US20150237437A1/en,https://patentimages.storage.googleapis.com/f4/f8/82/8247247aadc6af/US20150237437A1-20150820-D00000.png
CN-203840491-U,Lateral sound making loudspeaker module group ,歌尔声学股份有限公司,"苗青, 刘华伟, 张怀省",2014-04-30,2014-04-30,2014-09-17,2014-09-17,https://patents.google.com/patent/CN203840491U/en,
CN-204467158-U,Intelligent bracelet ,青岛歌尔声学科技有限公司,"陈立超, 周小飞",2015-03-17,2015-03-17,2015-07-15,2015-07-15,https://patents.google.com/patent/CN204467158U/en,
US-9369807-B2,Electroacoustic transducer and manufacturing method thereof ,Goertek Inc.,"Chao Jiang, Qing Miao",2012-06-27,2012-09-20,2016-06-14,2016-06-14,https://patents.google.com/patent/US9369807B2/en,https://patentimages.storage.googleapis.com/58/e6/79/fafcc87d1b2b4d/US09369807-20160614-D00000.png
EP-2680608-B1,"Communication headset speech enhancement method and device, and noise reduction communication headset ",Goertek Inc.,"Song Liu, Bo Li, Jian Zhao",2011-08-10,2012-03-16,2016-02-03,2016-02-03,https://patents.google.com/patent/EP2680608B1/en,https://patentimages.storage.googleapis.com/73/49/b7/cf31ea1c87e77f/imgf0001.png
US-9570062-B2,Method and device for self-adaptively eliminating noises ,Goertek Inc,"Fengliang Wu, Zhenhua Zhi",2012-09-07,2013-09-02,2017-02-14,2017-02-14,https://patents.google.com/patent/US9570062B2/en,https://patentimages.storage.googleapis.com/cb/75/13/e841c11c749cd6/US09570062-20170214-D00000.png
WO-2015017979-A1,"An anti-impact silicon based mems microphone, a system and a package with the same ",Goertek Inc.,Zhe Wang,2013-08-06,2013-08-06,2015-02-12,,https://patents.google.com/patent/WO2015017979A1/en,
CN-205283367-U,A linear vibration motor ,歌尔声学股份有限公司,"刘春发, 祖峰磊",2015-11-25,2015-11-25,2016-06-01,2016-06-01,https://patents.google.com/patent/CN205283367U/en,
CN-205812272-U,Audio acquisition frock and high in clouds server ,青岛歌尔声学科技有限公司,董坤,2016-06-28,2016-06-28,2016-12-14,2016-12-14,https://patents.google.com/patent/CN205812272U/en,
CN-204667589-U,Detecting system is prevented plucking by wrist strap formula electronic product ,青岛歌尔声学科技有限公司,"李长顺, 韩盈盈, 王帅",2015-04-20,2015-04-20,2015-09-23,2015-09-23,https://patents.google.com/patent/CN204667589U/en,
CN-205427703-U,A wearable apparatus ,歌尔声学股份有限公司,黄哲,2015-12-18,2015-12-18,2016-08-03,2016-08-03,https://patents.google.com/patent/CN205427703U/en,
CN-205195972-U,Loudspeaker module group ,歌尔声学股份有限公司,"张翠丽, 陈钢, 伦英军",2015-10-21,2015-10-21,2016-04-27,2016-04-27,https://patents.google.com/patent/CN205195972U/en,
CN-205249462-U,Loudspeaker module group ,歌尔声学股份有限公司,"王宇, 宋倩倩, 杨健斌, 李志�",2015-12-31,2015-12-31,2016-05-18,2016-05-18,https://patents.google.com/patent/CN205249462U/en,
CN-205283369-U,A linear vibration motor ,歌尔声学股份有限公司,"刘春发, 祖峰磊",2015-11-25,2015-11-25,2016-06-01,2016-06-01,https://patents.google.com/patent/CN205283369U/en,
CN-205175426-U,Environmental sensor of capacitanc ,歌尔声学股份有限公司,张俊德,2015-11-30,2015-11-30,2016-04-20,2016-04-20,https://patents.google.com/patent/CN205175426U/en,
CN-205595993-U,Linear vibrating motor ,歌尔股份有限公司,"朱跃光, 史德璋",2016-03-11,2016-03-11,2016-09-21,2016-09-21,https://patents.google.com/patent/CN205595993U/en,
CN-205866558-U,Liquid container anti -overturning device that can open and shut automatically ,青岛歌尔声学科技有限公司,刘东昊,2016-06-03,2016-06-03,2017-01-11,2017-01-11,https://patents.google.com/patent/CN205866558U/en,
CN-205789920-U,Optical sensor packaging structure ,歌尔股份有限公司,郑国光,2016-05-17,2016-05-17,2016-12-07,2016-12-07,https://patents.google.com/patent/CN205789920U/en,
CN-205213029-U,Audio system ,青岛歌尔声学科技有限公司,林大鹏,2015-11-16,2015-11-16,2016-05-04,2016-05-04,https://patents.google.com/patent/CN205213029U/en,
CN-205294830-U,Optical chip and inertial sensor's integrated device ,歌尔声学股份有限公司,"郑国光, 方华斌, 孙艳美",2016-01-04,2016-01-04,2016-06-08,2016-06-08,https://patents.google.com/patent/CN205294830U/en,
CN-205554881-U,Gift box inside lining ,青岛歌尔声学科技有限公司,璞经琢,2016-02-17,2016-02-17,2016-09-07,2016-09-07,https://patents.google.com/patent/CN205554881U/en,
CN-205363761-U,Disassemble instrument ,青岛歌尔声学科技有限公司,"王学武, 何鹏",2015-12-29,2015-12-29,2016-07-06,2016-07-06,https://patents.google.com/patent/CN205363761U/en,
CN-205595984-U,Linear vibrating motor ,歌尔股份有限公司,"朱跃光, 刘宝玉",2016-03-11,2016-03-11,2016-09-21,2016-09-21,https://patents.google.com/patent/CN205595984U/en,
CN-205123541-U,Linear vibrating motor ,歌尔声学股份有限公司,"刘春发, 祖峰磊",2015-11-25,2015-11-25,2016-03-30,2016-03-30,https://patents.google.com/patent/CN205123541U/en,
CN-205304314-U,Cyclic annular wear type electronic product ,潍坊歌尔电子有限公司,张建新,2015-12-30,2015-12-30,2016-06-08,2016-06-08,https://patents.google.com/patent/CN205304314U/en,
CN-205358496-U,Watch ,青岛歌尔声学科技有限公司,"侯飞, 冯涛",2015-12-03,2015-12-03,2016-07-06,2016-07-06,https://patents.google.com/patent/CN205358496U/en,
CN-205583980-U,A linear vibration motor ,歌尔声学股份有限公司,"祖峰磊, 刘春发",2016-02-05,2016-02-05,2016-09-14,2016-09-14,https://patents.google.com/patent/CN205583980U/en,
CN-205222258-U,Automatic double -sided adhesive tape sticking device ,歌尔声学股份有限公司,刘振,2015-01-16,2015-10-15,2016-05-11,2016-05-11,https://patents.google.com/patent/CN205222258U/en,
CN-205283366-U,A linear vibration motor ,歌尔声学股份有限公司,"刘春发, 祖峰磊",2015-11-25,2015-11-25,2016-06-01,2016-06-01,https://patents.google.com/patent/CN205283366U/en,
CN-205111425-U,Side direction blocks push -pull institution ,歌尔声学股份有限公司,"苏小军, 王景岳, 李�根",2015-10-29,2015-10-29,2016-03-30,2016-03-30,https://patents.google.com/patent/CN205111425U/en,
CN-205442630-U,Inertial sensor separates adhesion structure ,歌尔声学股份有限公司,"郑国光, 方华斌, 孙艳美",2016-01-04,2016-01-04,2016-08-10,2016-08-10,https://patents.google.com/patent/CN205442630U/en,
CN-205996887-U,Press pin tool ,歌尔科技有限公司,"郭光东, 李晓峰",2016-09-12,2016-09-12,2017-03-08,2017-03-08,https://patents.google.com/patent/CN205996887U/en,
CN-205932771-U,Press pull formula spiral module ,歌尔科技有限公司,冉令鹏,2016-07-29,2016-07-29,2017-02-08,2017-02-08,https://patents.google.com/patent/CN205932771U/en,
CN-205657280-U,Spiral module ,青岛歌尔声学科技有限公司,唐明军,2016-03-16,2016-03-16,2016-10-19,2016-10-19,https://patents.google.com/patent/CN205657280U/en,
CN-205946146-U,Many monomers speaker module and electronic equipment ,歌尔股份有限公司,"孙小光, 邵帅, 贾锋超",2016-07-07,2016-07-07,2017-02-08,2017-02-08,https://patents.google.com/patent/CN205946146U/en,
CN-205283368-U,A linear vibration motor ,歌尔声学股份有限公司,"刘春发, 祖峰磊",2015-11-25,2015-11-25,2016-06-01,2016-06-01,https://patents.google.com/patent/CN205283368U/en,
CN-205828245-U,Electronic product with button ,青岛歌尔声学科技有限公司,"李伟, 杜林�",2016-08-04,2016-08-04,2016-12-21,2016-12-21,https://patents.google.com/patent/CN205828245U/en,
CN-201482884-U,线材自动裁切机 ,歌尔声学股份有限公司,"冯蓬勃, 靳习永",2009-08-20,2009-08-20,2010-05-26,2010-05-26,https://patents.google.com/patent/CN201482884U/zh,
CN-202956597-U,自动开关机的电子产品 ,歌尔声学股份有限公司,"李瑞波, 郄勇, 于大超, 叶鑫",2012-08-17,2012-08-17,2013-05-29,2013-05-29,https://patents.google.com/patent/CN202956597U/zh,
CN-205244049-U,用于在产品内壁上粘贴零件的装置 ,歌尔声学股份有限公司,顾宗伟,2015-12-30,2015-12-30,2016-05-18,2016-05-18,https://patents.google.com/patent/CN205244049U/zh,
CN-205086266-U,网布取放机构 ,歌尔声学股份有限公司,"李德运, 冯公杰, 赵永梅, 朱晓亮, 刘锦龙, 崔居亮",2015-10-16,2015-10-16,2016-03-16,2016-03-16,https://patents.google.com/patent/CN205086266U/zh,
CN-205049814-U,一种车载抬头显示终端 ,青岛歌尔声学科技有限公司,"周承胜, 张金国",2015-10-10,2015-10-10,2016-02-24,2016-02-24,https://patents.google.com/patent/CN205049814U/zh,
CN-205434944-U,一种玩具球 ,青岛歌尔声学科技有限公司,黄勃文,2015-12-31,2015-12-31,2016-08-10,2016-08-10,https://patents.google.com/patent/CN205434944U/zh,
